Title,Artist,2021-05-20,2021-05-27,2021-06-03,2021-06-10,2021-06-17,2021-06-24,2021-07-01,2021-07-08,2021-07-15,2021-07-22,2021-07-29,2021-08-05,2021-08-12,2021-08-19,2021-08-26,2021-09-02,2021-09-09,2021-09-16,2021-09-23,2021-09-30,2021-10-07,2021-10-14,2021-10-21,2021-10-28,2021-11-04,2021-11-11,2021-11-18,2021-11-25,2021-12-02,2021-12-09,2021-12-16,2021-12-23,2021-12-30,2022-01-06,2022-01-13,2022-01-20,2022-01-27,2022-02-03,2022-02-10,2022-02-17,2022-02-24,2022-03-03,2022-03-10,2022-03-17,2022-03-24,2022-03-31,2022-04-07,2022-04-14,2022-04-21,2022-04-28,2022-05-05,2022-05-12,2022-05-19,2022-05-26,2022-06-02,2022-06-09,2022-06-16,2022-06-23,2022-06-30,2022-07-07,2022-07-14,2022-07-21,2022-07-28,2022-08-04,2022-08-11,2022-08-18,2022-08-25,2022-09-01,2022-09-08,2022-09-15,2022-09-22,2022-09-29,2022-10-06,2022-10-13,2022-10-20,2022-10-27,2022-11-03,2022-11-10,2022-11-17,2022-11-24,2022-12-01,2022-12-08,2022-12-15,2022-12-22,2022-12-29,2023-01-05,2023-01-12,2023-01-19,2023-01-26,2023-02-02,2023-02-09,2023-02-16,2023-02-23,2023-03-02,2023-03-09,2023-03-16,2023-03-23,2023-03-30,2023-04-06,2023-04-13,2023-04-20,2023-04-27,2023-05-04,2023-05-11,2023-05-18,2023-05-25,2023-06-01,2023-06-08,2023-06-15,2023-06-22,2023-06-29,2023-07-06,2023-07-13,2023-07-20,2023-07-27,2023-08-03,2023-08-10,2023-08-17,2023-08-24,2023-08-31,2023-09-07,2023-09-14,2023-09-21,2023-09-28,2023-10-05,2023-10-12,2023-10-19,2023-10-26,2023-11-02,2023-11-09,2023-11-16,2023-11-23,2023-11-30,2023-12-07,2023-12-14,2023-12-21,2023-12-28,2024-01-04,2024-01-11,2024-01-18,2024-01-25,2024-02-01,2024-02-08,2024-02-15,2024-02-22,2024-02-29,2024-03-07,2024-03-14,2024-03-21,2024-03-28,2024-04-04,2024-04-11,2024-04-18,2024-04-25,2024-05-02,2024-05-09,2024-05-16,2024-05-23,2024-05-30,2024-06-06,2024-06-13,2024-06-20,2024-06-27,2024-07-04,2024-07-11,2024-07-18,2024-07-25,2024-08-01,2024-08-08,2024-08-15,2024-08-22,2024-08-29,2024-09-05,2024-09-12,2024-09-19,2024-09-26,2024-10-03,2024-10-10,2024-10-17,2024-10-24,2024-10-31,2024-11-07,2024-11-14,2024-11-21,2024-11-28,2024-12-05,2024-12-12,2024-12-19,2024-12-26,2025-01-02,2025-01-09,2025-01-16,2025-01-23,2025-01-30,2025-02-06,2025-02-13,2025-02-20,2025-02-27,2025-03-06,2025-03-13,2025-03-20,2025-03-27,2025-04-03,2025-04-10,2025-04-17,2025-04-24,2025-05-01,2025-05-08,2025-05-15,2025-05-22,2025-05-29,2025-06-05,2025-06-12,2025-06-19,2025-06-26,2025-07-03,2025-07-10,2025-07-17,2025-07-24
#3PackFromParis,Nicki Minaj,0,0,61,61,107,137,137,137,137,139,139,141,143,179,179,181,183,183,185,187,191,193,195,199,203,205,211,219,223,227,258,262,262,266,266,351,432,506,562,628,663,665,673,700,700,710,712,722,786,846,879,879,887,887,887,889,893,893,893,972,1041,1082,1086,1141,1145,1170,1170,1180,1186,1194,1198,1198,1200,1202,1206,1208,1216,1294,1329,1384,1397,1401,1409,1445,1524,1530,1536,1540,1544,1548,1550,1554,1556,1558,1560,1566,1572,1574,1580,1588,1590,1592,1604,1614,1616,1618,1630,1640,1650,1654,1656,1662,1670,1686,1706,1722,1745,1817,1862,1870,1882,1890,1925,1929,1947,1957,1965,1979,1981,1999,2009,2093,2145,2157,2217,2259,2277,2281,2287,2289,2293,2334,2334,2336,2340,2342,2348,2354,2358,2360,2362,2364,2374,2376,2378,2388,2390,2390,2396,2402,2402,2402,2402,2406,2412,2416,2418,2418,2418,2420,2422,2430,2436,2444,2446,2456,2520,2522,2522,2524,2526,2530,2534,2536,2536,2540,2542,2550,2550,2550,2556,2556,2558,2564,2566,2570,2574,2574,2582,2586,2596,2596,2598,2600,2614,2622,2630,2642,2644,2648,2654,2658,2662,2664,2666,2672,2674,2687,2695
13 Reasons Why: Season One,Various Artists,0,0,0,0,0,0,0,0,0,0,0,0,0,0,0,0,0,0,0,0,0,0,0,0,0,0,2,2,2,2,2,2,2,2,2,2,4,4,4,4,6,8,8,8,8,8,8,8,8,8,8,10,10,12,12,12,12,14,16,16,16,16,16,16,16,16,16,16,16,16,16,16,18,18,18,18,18,20,20,20,20,20,20,20,20,20,20,20,20,20,20,20,20,20,20,20,20,20,20,20,20,20,20,20,20,20,20,77,81,112,153,194,253,347,426,514,586,654,729,783,846,918,947,991,997,1030,1059,1063,1073,1136,1157,1163,1165,1177,1185,1189,1201,1209,1282,1308,1395,1470,1505,1541,1562,1564,1588,1596,1604,1659,1667,1736,1795,1852,1877,1887,1895,1940,2001,2058,2100,2102,2104,2213,2279,2322,2344,2398,2406,2414,2433,2441,2493,2572,2585,2593,2603,2644,2684,2690,2694,2710,2776,2815,2822,2869,2871,2892,2925,2953,2953,2987,2997,3075,3120,3124,3128,3134,3142,3144,3146,3148,3154,3158,3162,3208,3212,3218,3222,3226,3280,3286,3290,3341,3343,3345,3345,3358,3360
19,Adele,0,0,0,0,0,0,0,0,0,0,0,0,0,0,0,0,2,2,2,2,2,2,4,4,4,4,4,4,4,4,4,4,4,4,4,4,4,4,4,6,10,12,14,14,14,14,14,20,20,20,20,20,20,20,20,22,22,22,22,22,26,26,26,30,101,136,168,178,188,190,274,282,306,558,694,751,771,841,843,855,879,889,897,921,953,1229,1579,1616,1675,1683,1693,1755,1759,1759,1837,1855,1867,1879,1879,1885,1967,1967,1973,1983,1993,1993,1999,2001,2001,2005,2005,2005,2005,2033,2055,2071,2071,2083,2103,2105,2105,2107,2107,2107,2109,2109,2192,2226,2304,2314,2314,2314,2320,2328,2330,2330,2330,2332,2332,2332,2336,2342,2342,2342,2376,2376,2382,2382,2386,2388,2390,2390,2392,2394,2396,2398,2402,2402,2404,2406,2406,2406,2406,2406,2410,2410,2410,2410,2410,2412,2418,2418,2420,2420,2420,2450,2452,2456,2456,2456,2456,2458,2462,2462,2462,2466,2466,2470,2526,2550,2550,2552,2562,2570,2580,2584,2584,2586,2586,2590,2594,2594,2594,2612,2616,2628,2636,2652,2658,2674,2712,2720,2754,2756,2760,2764,2764,2774,2782
1989,Taylor Swift,8,32,155,240,257,271,293,365,452,472,483,496,496,502,514,581,583,591,591,607,611,627,652,668,668,672,676,678,682,696,712,720,720,728,734,749,751,755,763,763,767,769,775,781,789,793,797,805,809,809,809,811,817,819,825,829,831,833,839,839,839,843,845,853,863,909,919,976,990,1032,1040,1048,1050,1050,1062,1074,1132,1196,1225,1231,1235,1239,1241,1274,1302,1311,1391,1410,1440,1455,1467,1537,1577,1641,1643,1676,1682,1682,1682,1684,1709,1709,1715,1741,1741,1829,1902,1930,1948,1950,1954,1958,1960,1966,1970,1970,1972,1972,1978,1980,1982,1994,1998,2002,2004,2004,2006,2012,2014,2099,2136,2184,2238,2246,2250,2258,2258,2292,2294,2294,2294,2294,2294,2296,2296,2298,2300,2300,2302,2306,2306,2306,2306,2310,2310,2314,2316,2316,2316,2320,2320,2326,2326,2326,2326,2326,2326,2328,2330,2332,2352,2352,2354,2354,2403,2405,2407,2409,2413,2413,2413,2423,2425,2425,2433,2437,2495,2501,2501,2507,2507,2507,2507,2511,2515,2519,2521,2531,2551,2553,2553,2557,2565,2571,2577,2583,2585,2595,2597,2601,2636,2642,2676,2678,2684,2813,2845,2948,2998
21,Adele,0,0,0,0,0,0,0,0,0,0,0,0,0,0,0,0,8,12,12,12,14,20,30,48,48,60,62,62,62,66,66,70,263,292,397,409,476,488,588,645,711,759,759,823,877,927,941,951,961,963,1036,1040,1054,1223,1542,1831,2324,2442,2670,2986,3319,3689,4227,4328,4356,4362,4364,4481,4710,5676,6480,6932,7364,7848,8272,8849,9371,9943,10292,10857,10940,11009,11298,11418,12178,12797,13463,14070,14377,14470,14875,14984,15542,16015,16272,16533,16870,17391,17511,17568,17714,17895,18363,18417,18475,18539,18893,19083,19107,19121,19153,19241,19916,20083,20346,20817,20912,21181,21387,21673,21894,22078,22125,22129,22133,22201,22253,22308,22718,22773,22954,23004,23080,23124,23196,23301,23768,24029,24113,24217,24445,24481,24883,25005,25061,25163,25191,25280,25290,25290,25384,25462,25478,25508,25544,25628,25632,25720,26223,26229,26515,26619,26902,26983,26983,26983,26983,27029,27057,27147,27147,27387,27553,28048,28144,28269,28273,28273,28307,29106,29203,29257,29357,29573,29589,29607,29631,29635,29798,30386,30584,30785,31001,31045,31083,31087,31091,31091,31247,31251,31255,31255,31972,32050,32309,32319,32417,32423,32641,32647,32655,32669,32704,32736,32799,32801,32853,32867,32919
24K Magic,Bruno Mars,0,0,0,2,15,17,17,29,41,43,45,49,49,49,64,104,172,174,377,409,494,500,500,510,510,518,528,532,536,552,558,560,560,562,564,592,638,646,666,708,714,718,718,718,718,730,734,738,746,746,746,756,756,764,776,778,778,794,808,818,820,832,832,832,838,838,838,838,840,840,842,868,872,876,876,876,876,876,880,880,880,882,882,882,882,898,922,938,938,938,970,970,978,990,992,996,996,996,998,998,998,998,998,998,998,1014,1016,1018,1018,1018,1020,1024,1024,1024,1024,1026,1038,1098,1098,1098,1098,1098,1100,1100,1100,1100,1100,1100,1102,1102,1102,1102,1102,1102,1102,1102,1102,1102,1102,1102,1102,1102,1102,1102,1102,1102,1102,1120,1122,1124,1124,1124,1124,1124,1124,1124,1124,1124,1124,1124,1124,1124,1124,1126,1126,1126,1126,1128,1128,1128,1128,1128,1128,1128,1128,1130,1130,1130,1130,1130,1130,1132,1132,1132,1132,1134,1164,1164,1164,1164,1164,1164,1168,1168,1168,1170,1170,1170,1170,1170,1172,1174,1174,1174,1176,1176,1178,1182,1184,1222,1222,1222,1228,1230,1230,1230,1230,1230,1230
25,Adele,0,0,0,2,2,2,2,2,2,2,2,2,2,4,4,4,8,8,8,8,8,16,30,32,36,59,61,67,67,73,73,77,79,85,95,99,109,111,121,123,154,168,198,206,242,252,258,266,270,270,272,349,383,413,550,580,647,659,667,673,675,695,794,814,847,849,885,990,1053,1073,1129,1147,1209,1223,1243,1267,1273,1283,1287,1337,1367,1409,1427,1433,1471,1812,2114,2191,3074,3242,3314,3395,3456,3561,3770,3969,4564,4821,4927,5081,5535,5709,6183,6310,6755,6942,7288,7422,7587,7700,7767,7846,8119,8238,8348,8711,8831,8907,8982,9012,9036,9060,9561,9578,9643,9658,9662,9668,9708,9722,9726,9830,9968,9978,9982,9982,10112,10130,10152,10166,10208,10218,10218,10250,10250,10254,10278,10280,10284,10300,10306,10348,10382,10386,10416,10448,10456,10456,10534,10538,10538,10606,10642,10721,10721,10725,10725,10729,11587,11669,11695,11735,11737,11753,11763,11835,11841,11867,11943,12237,12247,12309,12397,12515,12515,12598,12636,12652,12664,12704,12706,12736,12774,12796,12954,12978,13050,13062,13160,13239,13253,13255,13309,13329,13339,13351,13396,13410,13439,13445,13486,13502,13502,13506,13510,13514,13613,13638,13678
30,Adele,0,0,0,0,0,0,0,0,0,0,0,0,0,0,0,0,0,0,0,0,0,0,96,104,112,114,114,136,136,138,138,172,211,227,298,326,353,357,424,487,552,556,599,603,645,647,649,655,655,655,702,776,863,1061,1194,1244,1282,1308,1414,1422,1424,1590,1686,1840,1943,2143,2273,2555,2668,2800,3131,3519,4078,4176,4280,4442,4531,4701,4853,4936,5043,5131,5175,5380,5434,5457,5529,5652,5770,5774,5778,5798,5830,6190,6401,6677,6827,6984,6992,7349,7602,7630,7650,7829,7841,7914,7934,7974,7978,7980,8032,8056,8084,8116,8124,8124,8138,8170,8176,8186,8232,8307,8321,8393,8395,8449,8473,8483,8507,8540,8556,8584,8596,8610,8650,8652,8654,8688,8708,8708,8844,8878,8900,9019,9021,9074,9128,9130,9202,9208,9268,9278,9345,9407,9459,9463,9467,9467,9477,9491,9491,9515,9515,9523,9535,9587,9587,9611,9629,9629,9631,9633,9705,9707,9713,9755,9755,9775,9829,9829,9829,9893,9901,9901,9901,9987,9993,10001,10043,10061,10061,10071,10110,10132,10142,10146,10164,10164,10218,10337,10343,10365,10371,10377,10385,10712,10884,11087,11190,11248,11292,11302,11358,11364,11372,11378,11378,11388,11805
333,Tinashe,0,0,0,0,0,0,0,0,0,0,0,0,0,0,0,0,0,0,0,0,0,0,0,0,0,0,0,0,0,0,0,0,0,0,0,0,0,0,0,0,0,0,0,0,0,0,0,0,0,0,0,0,0,0,0,0,0,0,0,0,0,0,0,0,0,0,0,0,0,0,0,157,206,230,236,256,282,284,286,302,302,302,304,304,304,308,308,310,349,349,349,351,355,355,359,365,365,367,369,371,373,373,379,385,385,389,391,391,391,395,397,401,403,405,407,409,409,409,413,415,417,423,427,429,429,431,431,433,433,439,441,443,445,445,447,447,447,447,447,447,455,707,847,918,918,940,1041,1096,1102,1126,1130,1247,1306,1310,1310,1392,1480,1480,1482,1575,1577,1577,1637,1663,1663,1663,1663,1669,1733,1737,1741,1741,1783,1783,1850,1854,1856,1874,1874,1926,1930,1932,1944,2134,2142,2144,2148,2251,2251,2253,2255,2255,2255,2263,2334,2338,2342,2342,2342,2521,2525,2527,2529,2537,2545,2557,2573,2587,2589,2599,2637,2647,2651,2653,2655,2657,2661,2671,2831
4,Beyoncé,0,0,0,0,0,0,0,0,0,0,0,0,0,0,0,33,33,33,33,33,35,35,37,39,39,41,41,43,45,62,64,68,68,68,68,68,70,70,74,74,78,80,82,84,84,86,92,92,92,92,92,94,94,94,94,96,98,100,102,102,102,104,104,106,106,106,110,110,112,112,112,112,112,112,112,114,116,118,118,118,118,118,118,118,118,118,118,118,118,118,118,126,126,126,126,126,126,126,130,130,130,130,130,130,130,134,134,134,134,134,134,136,136,136,136,136,136,136,136,136,138,138,138,138,138,138,140,172,176,176,176,176,180,182,182,182,182,263,271,271,273,277,277,277,277,293,293,293,293,293,293,299,299,299,315,315,349,353,355,371,480,480,480,480,490,490,490,492,562,564,568,568,572,651,677,679,683,683,683,683,683,695,715,717,717,729,731,733,733,737,829,877,877,879,881,923,998,1028,1028,1056,1098,1102,1102,1102,1104,1108,1110,1136,1160,1184,1190,1196,1208,1208,1210,1210,1214,1220,1242
9,Cashmere Cat,0,0,0,0,0,0,2,2,16,48,50,52,52,54,56,56,58,58,60,60,60,96,118,194,253,321,363,371,377,429,479,524,545,603,668,702,738,742,747,759,797,814,820,822,826,842,848,883,913,955,955,955,961,1013,1042,1044,1048,1050,1052,1056,1058,1062,1107,1146,1188,1190,1248,1256,1310,1331,1371,1375,1381,1385,1389,1395,1397,1399,1401,1401,1409,1449,1451,1453,1455,1463,1463,1513,1513,1515,1515,1521,1525,1581,1618,1651,1655,1662,1666,1668,1676,1676,1678,1684,1688,1690,1694,1698,1700,1702,1702,1704,1706,1710,1716,1716,1722,1730,1730,1736,1736,1746,1750,1754,1780,1827,1829,1836,1842,1850,1854,1856,1858,1860,1862,1862,1862,1864,1866,1866,1870,1872,1872,1872,1880,1880,1884,1886,1888,1888,1890,1892,1894,1894,1898,1898,1898,1898,1900,1906,1906,1906,1906,1906,1906,1908,1910,1916,1916,1916,1918,1918,1918,1924,1928,1930,1932,1936,1936,1936,1938,1946,1954,1978,1984,1988,2065,2134,2136,2138,2138,2138,2140,2144,2150,2150,2152,2152,2152,2158,2162,2162,2168,2170,2176,2180,2184,2211,2215,2219,2229,2233,2233,2272,2276,2276,2276,2282,2288
Addison,Addison Rae,0,0,0,0,0,0,0,0,0,0,0,0,0,0,0,0,0,0,0,0,0,0,0,0,0,0,0,0,0,0,0,0,0,0,0,0,0,0,0,0,0,0,0,0,0,0,0,0,0,0,0,0,0,0,0,0,0,0,0,0,0,0,0,0,0,0,0,0,0,0,0,0,0,0,0,0,0,0,0,0,0,0,0,0,0,0,0,0,0,0,0,0,0,0,0,0,0,0,0,0,0,0,0,0,0,0,0,0,0,0,0,0,0,0,0,0,0,0,0,0,0,0,0,0,0,0,0,0,0,0,0,0,0,0,0,0,0,0,0,0,0,0,0,0,0,0,0,0,0,0,0,0,0,0,0,0,0,0,0,0,0,0,0,0,0,0,0,0,0,79,83,85,97,105,109,109,109,111,111,111,121,123,123,123,123,125,127,133,133,139,139,139,139,139,194,196,198,198,198,200,202,202,202,204,206,214,471,583,769,810,875,954,1004,1228,1713,1767,2534,2620,2650
ANTI,Rihanna,0,0,0,0,2,2,2,2,2,4,4,6,6,8,8,8,8,10,14,28,57,61,63,69,91,95,140,142,154,154,178,184,196,226,230,236,240,244,246,246,250,252,254,264,266,274,276,284,284,304,353,359,367,377,379,379,379,387,389,393,397,397,397,397,397,399,449,449,449,587,676,752,803,891,891,899,913,913,975,977,1008,1008,1026,1030,1034,1110,1112,1184,1184,1200,1200,1208,1240,1260,1300,1308,1336,1338,1368,1435,1501,1619,1635,1635,1643,1673,1708,1770,1785,1812,1858,1858,1860,1862,1898,1932,1934,1966,1968,2002,2006,2008,2018,2020,2026,2032,2058,2058,2060,2060,2108,2110,2112,2112,2112,2114,2114,2114,2130,2152,2204,2222,2222,2222,2222,2222,2222,2222,2222,2222,2226,2226,2226,2304,2304,2304,2304,2304,2310,2352,2352,2352,2352,2352,2352,2372,2380,2382,2382,2382,2408,2408,2408,2450,2452,2458,2458,2458,2460,2460,2478,2478,2478,2482,2536,2538,2538,2538,2538,2584,2584,2584,2592,2596,2598,2600,2644,2646,2646,2648,3183,3223,3231,3249,3265,3265,3267,3271,3273,3283,3299,3303,3303,3317,3317,3319,3319,3347,3347
AR,Addison Rae,0,0,0,0,0,0,0,0,0,0,0,0,0,0,0,0,0,0,0,0,0,0,0,0,0,0,0,0,0,0,0,0,0,0,0,0,0,0,0,0,0,0,0,0,0,0,0,0,0,0,0,0,0,0,0,0,0,0,0,0,0,0,0,0,0,0,0,0,0,0,0,0,0,0,0,0,0,0,0,0,0,0,0,0,0,0,0,0,0,0,0,0,0,0,0,0,0,0,0,0,0,0,0,0,0,0,0,0,0,0,0,0,0,0,0,0,0,0,262,364,490,579,644,703,766,790,820,822,824,835,837,843,849,879,928,965,965,967,1006,1008,1019,1068,1070,1072,1072,1074,1111,1153,1162,1164,1223,1225,1246,1250,1315,1315,1317,1317,1317,1319,1319,1333,1333,1333,1339,1341,1341,1341,1341,1347,1347,1353,1363,1398,1404,1404,1406,1410,1410,1412,1476,1517,1548,1598,1598,1602,1604,1722,1761,1832,1838,1929,1933,1975,1981,1983,1983,1985,1985,2083,2085,2087,2180,2207,2259,2280,2303,2388,2453,2530,2615,2688,2747,2810,2810,2810,2816,2845,2857
Barbie The Album,Various Artists,0,0,0,0,0,0,0,0,0,0,0,0,0,0,0,0,0,0,0,0,0,0,0,0,0,0,0,0,0,0,0,0,0,0,0,0,0,0,0,0,0,0,0,0,0,0,0,0,0,0,0,0,0,0,0,0,0,0,0,0,0,0,0,0,0,0,0,0,0,0,0,0,0,0,0,0,0,0,0,0,0,0,0,0,0,0,0,0,0,0,0,0,0,0,0,0,0,0,0,0,0,0,0,0,0,0,78,102,157,159,219,296,390,576,772,960,1096,1220,1327,1405,1517,1641,1721,1800,1904,2012,2150,2237,2322,2432,2552,2631,2724,2819,2949,3031,3147,3254,3338,3437,3532,3625,3711,3779,3939,4014,4144,4259,4372,4436,4479,4591,4667,4747,4758,4810,4822,4893,4917,4976,5075,5084,5194,5316,5385,5424,5461,5633,5701,5801,5848,5927,6037,6091,6120,6132,6140,6225,6275,6349,6355,6425,6500,6565,6623,6668,6698,6736,6783,6820,6820,6904,6940,7012,7016,7022,7058,7149,7184,7188,7190,7198,7202,7232,7287,7364,7436,7483,7487,7517,7609,7638,7685,7745,7745,7749,7757,7765,7769
BB/ANG3L,Tinashe,0,0,0,0,0,0,0,0,0,0,0,0,0,0,0,0,0,0,0,0,0,0,0,0,0,0,0,0,0,0,0,0,0,0,0,0,0,0,0,0,0,0,0,0,0,0,0,0,0,0,0,0,0,0,0,0,0,0,0,0,0,0,0,0,0,0,0,0,0,0,0,0,0,0,0,0,0,0,0,0,0,0,0,0,0,0,0,0,0,0,0,0,0,0,0,0,0,0,0,0,0,0,0,0,0,0,0,0,0,0,0,0,0,0,4,4,4,4,19,19,19,307,396,454,546,1017,1127,1222,1240,1290,1757,1759,1759,1803,1803,1833,1837,1837,1897,1981,1981,1997,1997,1997,1999,1999,2001,2003,2005,2009,2011,2061,2077,2079,2079,2193,2193,2193,2195,2197,2197,2197,2245,2269,2269,2269,2269,2271,2271,2273,2337,2339,2341,2343,2411,2411,2413,2413,2413,2413,2427,2497,2503,2589,2862,2862,2864,2870,2870,2872,2872,2872,2872,2874,2884,2896,2898,2904,2906,2908,2910,2910,2910,2912,3335,3341,3354,3362,3364,3446,3471,3477,3481,3777,4197,4226,4226,4356,4362
Beauty Behind the Madness,The Weeknd,0,0,0,0,0,0,0,0,0,0,0,0,0,0,0,0,0,0,0,0,6,8,66,66,66,68,70,74,76,76,80,90,90,90,94,96,96,98,100,102,106,106,114,118,126,128,130,132,132,136,136,142,144,144,148,162,162,170,172,180,194,221,223,225,227,264,264,266,268,270,280,280,280,282,282,282,282,282,282,282,282,282,282,282,284,286,288,288,298,298,298,298,300,300,300,300,300,300,300,300,300,300,300,300,300,300,300,300,310,314,314,316,316,322,322,322,324,328,328,328,330,330,332,332,332,332,332,332,332,332,332,336,336,336,336,336,336,336,336,336,336,336,336,336,336,366,394,394,398,398,400,408,412,414,414,414,420,422,424,462,462,462,462,462,462,474,474,476,476,478,484,484,582,606,608,652,654,666,666,692,740,742,746,746,748,750,752,758,758,804,804,808,812,818,834,838,842,850,850,878,938,944,962,966,970,980,988,1081,1093,1103,1111,1121,1132,1138,1172,1174,1174,1180,1184
beerbongs & bentleys,Post Malone,0,0,0,0,0,0,0,0,0,0,0,0,0,0,0,0,0,0,2,2,2,2,2,2,2,2,2,2,2,2,2,2,2,2,2,177,262,337,385,395,476,524,582,634,638,661,711,795,883,920,986,988,1072,1141,1383,1528,1598,1619,1896,2045,2225,2307,2315,2376,2386,2386,2402,2509,2519,2577,2609,2717,2828,2908,2950,3020,3094,3225,3256,3264,3274,3278,3286,3302,3308,3316,3316,3330,3401,3451,3496,3621,3689,3766,3814,3900,3948,3990,4048,4146,4245,4310,4375,4393,4401,4453,4518,4536,4550,4566,4578,4582,4590,4592,4596,4600,4606,4606,4616,4628,4659,4705,4713,4717,4719,4719,4721,4729,4753,4809,4811,4815,4815,4823,4825,4825,4835,4839,4839,4839,4849,4851,4851,4853,4853,4865,4867,4867,4871,4871,4875,4883,4885,4887,4887,4887,4925,4925,4935,4949,4949,4977,4977,4995,4995,4995,4995,5001,5003,5007,5009,5011,5017,5017,5023,5027,5029,5031,5031,5031,5031,5035,5041,5041,5047,5051,5055,5061,5063,5067,5077,5087,5091,5097,5109,5113,5119,5123,5123,5131,5141,5145,5151,5151,5186,5264,5276,5282,5290,5296,5306,5316,5324,5330,5336,5338,5340,5348,5366
BEYONCÉ,Beyoncé,0,2,2,4,6,8,8,20,22,22,22,22,22,22,24,26,26,26,26,26,26,45,49,55,55,55,67,124,137,141,214,289,352,394,402,476,546,597,666,691,728,742,764,768,776,778,805,817,860,860,860,866,870,882,882,884,890,890,947,947,949,951,951,955,957,959,963,963,963,965,965,965,973,975,977,981,987,989,995,997,997,999,1011,1011,1011,1121,1159,1224,1226,1232,1246,1274,1292,1302,1302,1306,1310,1310,1322,1328,1330,1336,1340,1340,1342,1344,1350,1354,1356,1356,1358,1360,1366,1380,1382,1386,1388,1390,1406,1416,1418,1422,1448,1627,1760,1762,1764,1786,1794,1800,1808,1870,2356,2505,2611,2651,2655,2659,2870,3377,3567,3750,3822,3826,3966,4127,4161,4239,4257,4337,4343,4399,4433,4721,5216,5406,5622,5648,5710,5914,5934,5934,5996,6056,6167,6171,6185,6361,6363,6365,6433,6437,6439,6501,6537,6553,6620,6701,6729,6729,6743,6765,7016,7046,7060,7089,7375,7442,7458,7460,7480,7480,7648,7672,7842,7850,7856,7896,7898,7906,7912,7914,7984,8024,8052,8062,8155,8188,8367,8454,8506,8551,8646,8650,8658,8660,8664,8726,8760
Bloom,Troye Sivan,0,0,0,0,2,23,23,23,25,27,29,31,31,33,35,35,35,37,37,39,45,47,47,47,47,47,47,51,51,53,53,53,53,53,53,57,59,63,63,63,63,63,65,65,65,65,65,67,67,67,67,67,67,69,69,69,71,71,71,71,73,73,73,73,73,73,73,73,73,73,73,73,73,73,73,75,75,75,75,95,95,95,97,97,99,99,99,99,99,99,101,101,101,101,101,101,101,101,101,101,101,101,101,101,101,101,101,101,165,167,171,177,197,197,197,197,197,197,197,201,201,201,201,201,201,205,207,207,215,215,215,215,217,217,217,217,217,217,217,217,217,217,217,217,217,217,217,217,217,219,221,227,370,412,479,523,525,529,529,529,529,529,529,531,551,553,561,618,620,624,630,630,632,696,739,743,743,743,743,743,769,771,773,773,773,775,781,787,787,821,1156,1211,1211,1211,1215,1227,1249,1253,1253,1255,1257,1267,1267,1279,1283,1287,1297,1303,1307,1311,1315,1319,1323,1327,1331,1331,1331,1333,1353
BRAT,Charli XCX,0,0,0,0,0,0,0,0,0,0,0,0,0,0,0,0,0,0,0,0,0,0,0,0,0,0,0,0,0,0,0,0,0,0,0,0,0,0,0,0,0,0,0,0,0,0,0,0,0,0,0,0,0,0,0,0,0,0,0,0,0,0,0,0,0,0,0,0,0,0,0,0,0,0,0,0,0,0,0,0,0,0,0,0,0,0,0,0,0,0,0,0,0,0,0,0,0,0,0,0,0,0,0,0,0,0,0,0,0,0,0,0,0,0,0,0,0,0,0,0,0,0,0,0,0,0,0,0,0,0,0,0,0,0,0,0,0,0,0,0,0,0,0,0,0,0,2,2,2,6,12,24,24,24,26,28,198,256,340,395,539,545,545,545,695,748,827,1042,1304,1321,1339,1480,1482,1544,1602,1630,1632,1761,1799,1945,2099,2327,2380,2450,2462,2472,2530,2646,2654,2695,2729,2751,2769,2773,2813,2821,2883,2921,2965,2999,3059,3468,3938,4666,4810,4869,4997,5005,5142,5229,5312,5373,5428,5537,5588,5610,5634,5738,5754
Brat and it's completely different,Charli XCX,0,0,0,0,0,0,0,0,0,0,0,0,0,0,0,0,0,0,0,0,0,0,0,0,0,0,0,0,0,0,0,0,0,0,0,0,0,0,0,0,0,0,0,0,0,0,0,0,0,0,0,0,0,0,0,0,0,0,0,0,0,0,0,0,0,0,0,0,0,0,0,0,0,0,0,0,0,0,0,0,0,0,0,0,0,0,0,0,0,0,0,0,0,0,0,0,0,0,0,0,0,0,0,0,0,0,0,0,0,0,0,0,0,0,0,0,0,0,0,0,0,0,0,0,0,0,0,0,0,0,0,0,0,0,0,0,0,0,0,0,0,0,0,0,0,0,0,0,0,24,30,58,62,62,66,68,131,131,131,141,141,141,141,141,149,149,149,151,225,229,229,239,241,257,265,265,265,329,618,775,1028,1114,1160,1202,1202,1307,1307,1333,1363,1381,1381,1429,1431,1447,1453,1455,1457,1507,1521,1585,1605,1844,1880,1980,2072,2080,2118,2128,2181,2243,2275,2289,2291,2416,2426,2426,2448,2456,2470
Britpop,A. G. Cook,0,0,0,0,0,0,0,0,0,0,0,0,0,0,0,0,0,0,0,0,0,0,0,0,0,0,0,0,0,0,0,0,0,0,0,0,0,0,0,0,0,0,0,0,0,0,0,0,0,0,0,0,0,0,0,0,0,0,0,0,0,0,0,0,0,0,0,0,0,0,0,0,0,0,0,0,0,0,0,0,0,0,0,0,0,0,0,0,0,0,0,0,0,0,0,0,0,0,0,0,0,0,0,0,0,0,0,0,0,0,0,0,0,0,0,0,0,0,0,0,0,0,0,0,0,0,0,0,0,0,0,0,0,0,0,0,0,0,0,0,0,0,0,0,0,0,0,0,0,0,0,0,0,0,0,0,0,0,0,0,0,0,0,0,0,0,0,0,0,0,0,0,0,0,0,0,0,0,0,0,0,0,0,0,0,0,0,0,14,14,14,14,16,16,16,20,20,24,26,28,32,32,32,154,242,313,391,399,476,543,675,763,836,896,898,906,922,992,1056
Charli,Charli XCX,0,0,0,0,0,0,0,0,0,0,0,0,0,0,0,0,0,0,0,0,0,0,0,0,0,8,8,8,8,8,81,122,141,194,194,196,198,200,200,202,202,204,204,204,204,206,210,212,212,212,212,212,212,214,214,218,218,220,220,220,220,222,222,222,222,222,222,222,275,283,283,283,283,287,287,287,289,291,293,303,303,305,307,307,307,307,307,311,333,333,333,333,333,333,335,335,349,349,349,351,351,351,351,351,351,351,355,357,361,1010,1222,1389,1446,1486,1524,1556,1558,1598,1922,1984,2021,2037,2037,2037,2039,2039,2039,2039,2041,2043,2043,2043,2043,2059,2059,2059,2117,2157,2165,2167,2217,2221,2221,2221,2227,2227,2227,2271,2271,2277,2277,2279,2283,2283,2295,2299,2301,2301,2301,2307,2307,2307,2307,2307,2331,2333,2333,2333,2333,2333,2343,2353,2355,2357,2369,2369,2369,2371,2465,2504,2518,2542,2542,2598,2598,2598,2622,2622,2652,2652,2652,2710,2769,2769,2769,2769,2769,2781,2807,2839,2865,2906,2944,3061,3069,3079,3125,3129,3155,3181,3213,3225,3227,3281,3281,3281,3534,3574,3576
CHARLIE,Charlie Puth,0,0,0,0,0,0,0,0,0,0,0,0,0,0,0,0,0,0,0,0,0,0,0,0,0,0,0,0,0,0,0,0,0,0,0,2,8,10,10,10,12,12,12,12,12,12,12,16,18,18,18,18,20,20,20,20,20,22,24,26,26,28,28,28,30,30,34,34,36,36,36,38,38,442,546,708,936,1154,1237,1351,1455,1514,1536,1544,1574,1578,1580,1607,1707,1833,1890,1934,1969,2020,2044,2046,2048,2048,2050,2050,2052,2054,2080,2080,2084,2084,2084,2086,2092,2092,2094,2096,2106,2106,2108,2108,2108,2124,2124,2134,2134,2134,2136,2136,2136,2136,2136,2136,2136,2136,2136,2142,2142,2144,2144,2144,2144,2144,2150,2150,2150,2150,2150,2162,2162,2162,2162,2162,2162,2162,2164,2164,2164,2164,2164,2164,2166,2166,2166,2166,2166,2166,2166,2166,2166,2166,2166,2166,2166,2174,2174,2174,2174,2174,2174,2174,2174,2174,2174,2174,2174,2174,2174,2174,2174,2174,2174,2174,2174,2174,2174,2174,2174,2174,2174,2174,2174,2174,2174,2182,2182,2182,2182,2184,2186,2186,2186,2188,2188,2188,2188,2188,2198,2200,2200,2200,2200,2202,2210
Charlie's Angels,Various Artists & Ariana Grande,0,0,0,0,0,2,2,2,4,4,4,6,6,6,6,6,30,32,32,32,32,34,34,34,34,36,36,40,40,40,40,40,42,42,42,42,48,48,48,48,50,50,50,90,94,94,94,94,94,94,94,94,94,100,100,102,102,108,108,110,114,120,120,120,173,205,209,213,213,217,223,233,243,247,275,283,401,411,419,445,563,575,613,625,629,637,659,659,725,725,738,740,740,740,740,744,750,750,750,752,752,752,752,804,804,804,808,808,814,814,814,814,838,840,840,840,858,858,864,946,1008,1056,1105,1107,1139,1139,1141,1147,1151,1159,1165,1171,1171,1185,1185,1187,1195,1195,1213,1243,1251,1270,1276,1276,1278,1292,1294,1294,1294,1294,1294,1294,1296,1296,1384,1392,1406,1406,1436,1436,1436,1444,1444,1446,1446,1454,1456,1456,1464,1464,1468,1492,1492,1492,1494,1494,1496,1536,1540,1540,1542,1550,1550,1562,1612,1616,1622,1658,1660,1660,1666,1666,1668,1678,1678,1678,1680,1680,1680,1688,1694,1694,1696,1696,1696,1696,1696,1700,1700,1700,1700,1700,1700,1706,1706,1708,1708,1708,1712
Christmas Kisses,Ariana Grande,0,0,0,0,0,0,0,0,0,0,0,0,0,0,0,110,237,291,345,393,412,462,466,521,546,546,546,546,561,563,565,573,648,653,671,673,675,675,705,707,711,711,713,713,715,721,723,725,729,729,729,729,733,733,741,741,741,741,743,743,743,749,749,753,755,755,759,759,759,763,767,767,769,771,783,785,785,785,787,801,812,812,812,823,823,825,833,835,835,835,835,841,841,841,841,843,845,845,845,860,860,860,862,862,862,862,862,954,954,954,954,956,958,962,964,966,968,978,978,984,984,986,988,992,1000,1006,1010,1010,1020,1026,1032,1032,1048,1054,1069,1121,1207,1211,1211,1213,1213,1213,1213,1213,1213,1213,1219,1221,1221,1221,1223,1225,1225,1225,1225,1225,1225,1225,1225,1225,1225,1225,1225,1231,1231,1237,1241,1241,1257,1257,1257,1257,1257,1257,1261,1263,1265,1271,1285,1285,1285,1318,1318,1350,1352,1435,1441,1522,1545,1545,1549,1549,1549,1559,1559,1559,1559,1563,1563,1575,1579,1581,1589,1589,1589,1589,1589,1589,1589,1647,1651,1655,1661,1671,1673,1675,1675,1675,1675
CRASH,Charli XCX,0,0,0,0,0,0,0,0,0,0,0,0,0,0,0,0,0,0,0,0,0,0,0,0,0,2,4,83,129,162,188,190,190,190,192,196,196,198,200,204,204,204,204,206,208,208,208,210,212,212,212,212,212,216,222,228,230,256,349,397,433,445,445,447,447,447,447,451,457,461,461,461,461,467,467,469,481,625,627,629,665,677,681,681,681,683,683,683,689,689,689,689,689,689,689,689,703,703,703,709,709,709,709,709,709,834,908,973,994,1040,1054,1085,1130,1132,1160,1160,1160,1162,1261,1292,1294,1310,1310,1314,1314,1314,1314,1318,1318,1320,1320,1320,1326,1330,1330,1330,1330,1332,1342,1342,1342,1348,1354,1354,1354,1354,1354,1354,1354,1358,1358,1358,1364,1364,1374,1374,1380,1380,1380,1382,1382,1382,1382,1382,1388,1388,1388,1388,1388,1388,1394,1404,1404,1432,1432,1432,1432,1436,1436,1438,1440,1440,1440,1444,1444,1444,1444,1444,1444,1444,1444,1450,1454,1454,1454,1454,1522,1581,1669,1711,1830,1904,1912,1980,2033,2037,2134,2140,2154,2168,2188,2196,2196,2235,2235,2271,2287,2340,2358
CTRL,SZA,0,0,0,0,0,0,0,0,0,0,0,0,0,0,0,0,0,0,0,0,0,0,0,4,4,4,4,4,4,4,4,10,10,10,10,10,10,10,10,10,10,10,10,10,10,12,12,12,12,12,12,12,12,12,12,12,12,12,12,12,14,14,14,14,98,143,143,151,161,167,175,175,175,177,177,177,177,179,179,179,179,179,181,181,181,181,181,181,181,181,181,199,263,306,356,412,431,473,479,481,489,493,501,517,519,525,531,535,541,545,545,545,545,553,559,559,599,651,690,690,694,702,704,758,811,817,831,833,955,963,965,965,965,971,973,1230,1511,1530,1668,1706,1708,1708,1708,1808,1810,1974,2125,2168,2176,2327,2422,2502,2532,2534,2534,2536,2810,2834,2888,3069,3273,4032,4384,4470,4498,4500,4500,4504,4580,4840,4852,4854,4858,4888,4892,4892,4894,4984,4984,4984,4986,5066,5138,5138,5140,5146,5238,5254,5272,5334,5334,5334,5372,5376,5388,5398,5406,5406,5406,5410,5416,5416,5464,5466,5470,5488,5496,5510,5520,5526,5963,5967,5994,5996,5998,6004,6010,6022,6034
Dangerous Woman,Ariana Grande,6,16,31,236,513,624,651,692,898,1075,1186,1359,1367,1655,1879,1974,2373,2740,3083,3266,3333,3408,3509,3763,3830,4002,4093,4203,4384,4558,4693,4978,5270,5757,6104,6408,6500,6830,7039,7358,7529,7597,7852,7994,8174,8302,8434,8573,8654,8880,9344,9685,10284,10549,10765,10999,11620,11762,11965,12380,12643,12869,12911,13091,13281,13433,13629,13839,14067,14089,14497,14562,14744,14788,15072,15181,15279,15453,15565,15766,15877,16001,16015,16323,16331,16369,16461,16491,16619,17136,17207,17308,17326,17348,17350,17402,17510,17526,17668,17719,17803,17807,17839,17847,17915,17917,17919,17935,17949,17955,17967,18054,18078,18114,18124,18128,18166,18208,18355,18393,18519,18584,18590,18598,18658,18682,18702,18710,18827,18843,18966,19056,19056,19104,19138,19183,19211,19217,19278,19284,19286,19286,19288,19312,19324,19338,19412,19418,19430,19466,19472,19478,19478,19512,19544,19546,19713,19719,19725,19805,19805,19811,19861,19865,19867,19881,19885,19901,19907,19907,19909,19933,19953,19955,20011,20028,20089,20095,20103,20103,20103,20141,20153,20238,20309,20346,20436,20650,20699,20775,20777,20785,20787,20823,20839,20843,20845,20855,20889,20965,20977,20979,21003,21007,21039,21045,21047,21055,21113,21161,21169,21171,21312,21346,21539,21635,21657,21663,21673
Dawn FM,The Weeknd,0,0,0,0,0,0,0,0,0,0,0,0,0,0,0,0,0,0,0,0,0,0,0,0,0,0,0,0,0,0,0,0,0,0,81,81,81,83,83,83,85,85,85,85,89,93,97,103,103,103,103,103,103,103,105,105,107,111,123,123,161,165,165,167,167,169,169,169,169,169,173,173,173,173,175,177,177,177,177,177,177,177,203,205,207,207,207,207,207,207,207,207,207,207,207,207,207,207,207,207,207,213,217,219,219,219,219,219,221,221,223,233,233,239,239,239,239,239,239,239,239,239,323,335,344,346,346,507,515,515,517,519,519,519,519,519,519,519,519,609,613,629,629,629,635,667,667,667,667,669,669,671,671,671,671,671,673,673,673,673,673,673,679,681,681,681,681,681,681,757,757,757,757,757,757,779,779,779,779,825,825,825,869,869,875,875,875,881,881,895,895,895,897,897,897,897,897,899,899,1320,1322,1324,1377,1377,1379,1407,1421,1649,1791,1809,1809,1811,1813,1821,1821,1821,1823,1825,1827
Daydream,Mariah Carey,0,0,0,0,0,0,0,0,0,0,0,0,0,0,0,0,0,0,0,0,0,0,0,0,2,2,4,10,10,12,12,14,14,16,16,22,22,22,26,28,28,28,30,32,32,34,36,36,36,36,36,36,38,38,38,38,38,38,38,38,38,38,38,42,42,42,42,42,42,42,42,42,42,42,42,42,42,42,42,42,42,42,42,42,42,42,42,42,42,42,42,42,42,128,295,353,364,371,371,373,373,379,379,379,379,379,379,379,381,381,381,399,399,399,399,405,405,405,405,407,407,409,409,409,417,417,417,417,427,427,427,521,529,531,531,545,573,573,573,573,573,573,747,809,851,1035,1063,1135,1163,1179,1179,1181,1181,1181,1181,1181,1181,1181,1235,1235,1235,1255,1255,1271,1273,1273,1273,1273,1295,1349,1349,1349,1349,1351,1458,1458,1458,1458,1458,1458,1458,1458,1458,1486,1498,1498,1498,1498,1538,1540,1540,1540,1540,1542,1542,1542,1542,1542,1542,1542,1542,1542,1544,1544,1546,1546,1548,1558,1558,1558,1560,1560,1560,1560,1560,1560,1562,1574,1578
dont smile at me,Billie Eilish,0,0,0,0,0,0,0,0,0,0,0,0,0,0,0,0,0,0,0,0,0,0,0,136,148,156,156,225,225,256,256,258,258,258,266,337,352,381,423,474,509,573,605,687,689,693,699,705,750,750,760,760,766,776,776,806,869,883,923,995,1048,1101,1185,1540,2085,2220,2440,2650,2716,2922,2963,3894,4609,5005,5426,5968,6209,6549,7031,7424,7661,7800,7933,8113,8477,8604,8930,9092,9296,9374,9567,9658,9863,10067,10279,10474,10729,10902,11272,11441,11548,11606,11743,12088,12364,12639,12917,13115,13237,13369,13456,13863,14039,14447,14794,15172,15467,15652,15907,16200,16563,16702,16807,17174,17300,17606,17867,18045,18406,18811,19075,19304,19518,19805,20056,20215,20437,20552,20877,21030,21499,21890,22245,22496,22772,22800,23061,23125,23271,23586,23630,23785,23909,24318,24428,24563,24699,24905,25070,25141,25161,25167,25250,25478,25577,25616,25802,25902,25974,26026,26192,26222,26435,26564,26621,26849,26911,27192,27436,27556,27756,28083,28443,28611,28724,28877,28941,29031,29390,29603,29820,30013,30067,30356,30443,30571,30591,30621,30898,30908,30948,31041,31073,31095,31253,31574,31881,32004,32215,32235,32405,32782,32855,33087,33095,33168,33168,33288,33386
DOPAMINE,Normani,0,0,0,0,0,0,0,0,0,0,0,0,0,0,0,0,0,2,2,2,2,2,2,2,2,2,2,2,2,2,2,2,2,2,2,2,2,2,2,2,2,2,2,2,2,2,2,2,2,2,2,2,2,2,2,2,2,2,2,2,2,4,4,4,61,65,69,75,77,98,100,108,128,128,132,132,134,140,140,140,140,142,142,144,144,146,146,148,201,203,205,215,258,260,267,271,271,273,275,275,277,281,281,305,358,440,509,551,630,684,744,771,820,898,956,988,990,990,990,996,998,1045,1060,1083,1087,1091,1093,1130,1134,1198,1206,1210,1212,1216,1222,1222,1224,1232,1232,1232,1236,1236,1238,1246,1246,1250,1258,1262,1268,1270,1272,1278,1278,1282,1286,1288,1288,1288,1292,1296,1296,1308,1310,1314,1314,1314,1314,1314,1314,1324,1328,1330,1334,1334,1340,1346,1354,1356,1356,1356,1356,1356,1358,1358,1362,1362,1364,1370,1370,1374,1374,1374,1376,1378,1386,1386,1394,1394,1394,1396,1396,1400,1402,1402,1406,1412,1420,1426,1430,1432,1440,1444,1452,1456,1456,1458,1458,1464,1468
Dua Lipa,Dua Lipa,38,64,217,333,449,985,1030,1256,1286,1392,1461,1531,1531,1553,1585,1645,1649,1659,1667,1669,1709,1723,1800,1818,1828,1858,1898,2086,2106,2114,2242,2311,2325,2345,2365,2421,2506,2579,2650,2669,2677,2768,2865,2890,2960,2980,3023,3112,3122,3230,3234,3426,3877,4001,4278,4305,4379,4468,4496,4678,4698,4786,4790,4972,5065,5167,5203,5276,5379,5479,5499,5501,5712,5744,5826,5888,6064,6074,6221,6229,6289,6403,6419,6573,6693,6784,6833,6841,6883,6965,7023,7142,7144,7227,7237,7281,7310,7320,7387,7391,7391,7431,7433,7527,7557,7697,7745,7759,7761,7877,8052,8056,8097,8111,8152,8176,8250,8274,8282,8284,8292,8342,8378,8388,8392,8422,8422,8424,8428,8525,8541,8545,8547,8579,8593,8593,8595,8595,8597,8597,8597,8601,8601,8601,8601,8603,8603,8603,8619,8623,8635,8639,8639,8741,8845,8889,8889,8889,8903,8903,8903,8903,8923,8927,8927,8927,8935,8935,8941,8943,8945,8945,8957,8973,8973,8975,8975,8975,8983,8985,8989,8989,8989,8989,8989,8999,9005,9005,9007,9023,9023,9023,9045,9097,9099,9105,9167,9175,9175,9179,9181,9191,9193,9197,9201,9201,9227,9237,9352,9356,9362,9410,9478,9486,9492,9496,9500,9514,9514
eternal sunshine,Ariana Grande,0,0,0,0,0,0,0,0,0,0,0,0,0,0,0,0,0,0,0,0,0,0,0,0,0,0,0,0,0,0,0,0,0,0,0,0,0,0,0,0,0,0,0,0,0,0,0,0,0,0,0,0,0,0,0,0,0,0,0,0,0,0,0,0,0,0,0,0,0,0,0,0,0,0,0,0,0,0,0,0,0,0,0,0,0,0,0,0,0,0,0,0,0,0,0,0,0,0,0,0,0,0,0,0,0,0,0,0,0,0,0,0,0,0,0,0,0,0,0,0,0,0,0,0,0,0,0,0,0,0,0,0,0,0,0,0,0,0,0,114,133,166,170,172,176,178,178,2375,3700,4798,5719,6267,6668,6944,7752,8192,8337,8341,8353,8629,8654,8654,8732,8816,9546,9958,10005,10075,10081,10085,10139,10253,10261,10315,10325,10327,10361,10367,10367,10367,10369,11500,11547,11629,11633,11700,11722,11823,12189,12191,12193,12195,12199,12237,12247,12321,12323,12323,12323,12341,12363,12365,13077,13081,13104,13122,13144,13160,13166,13201,13215,13314,13361,13379,13409,13413,13413,13431,13447
Everything Changed...,Social House,2,2,2,7,46,51,109,109,138,206,265,313,313,329,359,375,445,500,500,500,504,506,506,510,512,514,516,520,526,541,545,549,570,572,589,591,625,625,627,633,638,640,642,668,700,749,756,758,764,786,786,788,792,796,798,800,802,802,802,802,802,802,804,870,915,953,974,980,1025,1044,1074,1080,1084,1119,1136,1142,1148,1150,1150,1154,1154,1154,1158,1160,1166,1170,1170,1170,1174,1176,1176,1182,1188,1192,1192,1196,1196,1198,1200,1202,1210,1210,1212,1218,1220,1248,1254,1254,1258,1258,1260,1262,1264,1272,1280,1282,1282,1290,1292,1296,1298,1304,1310,1314,1320,1324,1324,1328,1330,1340,1344,1346,1346,1348,1350,1350,1350,1352,1352,1356,1364,1366,1366,1366,1366,1366,1372,1376,1376,1378,1380,1382,1384,1386,1388,1388,1388,1388,1388,1390,1390,1390,1390,1415,1415,1437,1439,1439,1439,1439,1439,1441,1443,1443,1447,1449,1451,1455,1463,1463,1469,1477,1479,1493,1497,1503,1507,1583,1585,1587,1587,1587,1587,1593,1597,1599,1601,1601,1601,1607,1611,1615,1621,1625,1629,1635,1635,1643,1647,1653,1676,1684,1688,1694,1696,1698,1700,1704,1708
Future Nostalgia,Dua Lipa,60,114,619,996,1353,1762,1857,2060,2131,2335,2582,2989,2997,3220,3438,3613,3755,3852,3864,3872,3876,3894,3898,3950,3954,3960,4028,4046,4062,4165,4187,4201,4205,4207,4227,4233,4247,4257,4261,4277,4305,4321,4409,4545,4847,4939,5117,5184,5299,5849,6166,6378,6540,6748,7291,7474,7601,8437,8531,9198,9511,9726,9775,9793,10135,10266,10784,10996,11356,11770,12052,12313,12644,12944,13018,13183,13383,13496,13506,13531,14282,14796,15214,15433,15570,15771,15836,16028,16252,16347,16375,16533,16579,16768,16819,17107,17594,17713,17811,17910,18040,18126,18258,18348,18406,18628,18700,18853,18920,19079,19184,19285,19397,19457,19620,19668,19672,19768,19776,19800,19804,19942,20050,20105,20109,20218,20332,20347,20353,20415,20603,20679,20745,20806,20896,20898,20902,21002,21070,21150,21237,21264,21345,21454,21715,21719,21945,22019,22157,22250,22276,22396,22704,23141,23422,23505,23513,23713,23769,23777,23817,23817,23829,23829,23835,23855,23867,23867,23867,23921,23929,23933,23965,23967,23969,23969,24027,24027,24047,24059,24061,24257,24295,24436,24452,24470,24616,24661,24663,24677,24679,24687,24723,24775,24868,24878,24882,24888,24888,24892,24902,24926,24948,24960,24976,24980,25015,25046,25061,25063,25075,25141,25156,25200,25620,25624,25626,25638,25646
Gloria,Sam Smith,0,0,0,0,0,0,0,0,0,0,0,0,0,0,0,0,0,0,0,0,0,0,0,0,0,0,0,0,0,0,0,0,0,0,0,0,0,0,0,0,0,0,0,0,0,0,0,0,0,0,0,0,0,0,0,0,0,0,0,0,0,0,0,0,0,0,0,6,6,6,8,16,16,18,18,24,24,26,26,32,32,38,38,38,38,38,38,42,46,227,284,376,401,589,702,774,823,881,881,883,952,1053,1099,1138,1138,1144,1148,1150,1150,1164,1164,1166,1174,1180,1182,1182,1260,1260,1260,1260,1266,1282,1290,1297,1297,1309,1311,1341,1343,1359,1363,1365,1365,1369,1369,1397,1403,1407,1427,1427,1427,1451,1453,1455,1455,1455,1455,1455,1469,1477,1479,1483,1485,1489,1491,1495,1499,1503,1511,1511,1511,1511,1515,1515,1517,1517,1517,1523,1523,1525,1527,1529,1531,1531,1535,1537,1543,1543,1543,1543,1543,1545,1547,1547,1549,1551,1553,1559,1567,1617,1705,1705,1711,1719,1727,1729,1737,1757,1757,1761,1761,1763,1763,1765,1767,1779,1785,1793,1799,1807,1815,1817,1817,1819,1821,1823,1827,1835,1845
Good Girl Gone Bad,Rihanna,0,0,0,2,19,51,62,134,152,159,159,163,163,167,177,177,177,177,179,229,235,328,362,422,428,443,453,494,617,651,660,676,680,733,741,745,755,761,773,775,777,781,807,813,821,831,843,989,1019,1037,1054,1060,1066,1105,1151,1155,1175,1242,1301,1329,1339,1349,1349,1372,1378,1378,1378,1380,1386,1386,1390,1396,1396,1398,1398,1444,1469,1525,1527,1527,1527,1529,1535,1535,1535,1535,1537,1539,1539,1569,1569,1571,1571,1571,1577,1577,1583,1583,1583,1611,1615,1615,1619,1619,1621,1621,1623,1625,1625,1625,1625,1629,1645,1645,1645,1645,1645,1647,1649,1649,1649,1651,1655,1655,1655,1655,1655,1657,1659,1661,1661,1661,1661,1663,1663,1663,1663,1663,1663,1663,1663,1663,1663,1663,1663,1663,1663,1663,1665,1667,1669,1669,1669,1669,1669,1669,1669,1669,1669,1669,1669,1669,1669,1669,1669,1669,1669,1669,1669,1669,1669,1669,1669,1669,1669,1669,1669,1669,1669,1669,1669,1669,1669,1669,1669,1671,1671,1671,1671,1774,1778,1782,1784,1792,1798,1806,1808,1810,1812,1814,1826,1832,1832,1834,1836,1838,1840,1840,1840,1840,1844,1844,1856,1856,1868,1868,1874,1876,1876
HAIZ,Hailee Steinfeld,2,4,6,6,10,14,49,49,51,55,55,55,55,57,57,108,108,108,108,110,110,110,114,118,118,118,154,171,173,177,181,193,193,193,199,205,209,227,231,257,263,265,267,271,277,277,290,310,356,389,393,401,413,417,417,417,423,429,431,431,433,437,437,508,527,608,637,643,742,811,823,825,837,854,854,864,872,876,880,884,892,892,904,904,920,920,922,924,924,924,934,938,978,978,980,980,980,980,988,990,998,1000,1002,1006,1006,1006,1010,1010,1012,1014,1014,1014,1014,1014,1016,1016,1016,1081,1083,1083,1083,1083,1083,1083,1083,1083,1083,1091,1093,1107,1111,1113,1115,1117,1117,1123,1123,1125,1127,1127,1129,1129,1139,1139,1139,1139,1139,1139,1147,1153,1163,1165,1169,1169,1171,1173,1173,1173,1173,1173,1173,1173,1173,1175,1175,1175,1175,1175,1177,1177,1177,1177,1191,1193,1193,1193,1193,1193,1193,1193,1193,1193,1193,1197,1197,1197,1197,1197,1197,1197,1197,1197,1201,1207,1209,1219,1221,1223,1225,1225,1227,1227,1231,1231,1231,1233,1233,1235,1235,1237,1239,1239,1239,1241,1241,1243,1245,1245,1247
Happier Than Ever,Billie Eilish,0,0,0,0,0,0,2,2,2,2,4,4,4,4,4,4,4,4,4,4,4,4,4,8,8,8,8,8,8,8,8,8,8,8,8,8,8,8,8,8,8,8,8,8,8,8,8,8,8,8,8,8,8,8,8,8,12,14,14,14,14,56,56,62,62,64,64,64,64,64,66,66,158,451,541,676,708,720,782,786,810,830,878,878,957,967,977,989,993,1032,1064,1074,1118,1142,1144,1187,1322,1395,1832,1995,2077,2108,2140,2422,2622,2764,3064,3459,4159,4518,4775,4906,5266,5787,6327,6869,7552,8053,8940,9562,10480,11422,11921,12505,13007,13447,13861,14321,14886,15191,15744,16317,16781,17339,17812,18207,18860,19467,20487,20820,21524,22099,22574,23115,24096,24615,25005,25282,25375,25715,26188,26482,27074,27502,27594,28263,28591,29092,29544,30041,30166,30419,30895,31405,31685,32122,32496,32817,33139,33727,34259,34605,35129,35661,36086,36292,36973,37494,38259,38623,38868,38955,39665,39904,40716,41131,41466,41536,41861,41965,42151,42544,42641,43143,43249,43384,43460,43490,43682,44182,45138,45553,45585,46734,46864,47349,47527,47616,47931,48336,48592,48806,48852,49041,49100,49662,50423,50874,51109
Heaven & Hell,Ava Max,8,10,10,12,64,68,70,82,86,86,86,86,86,88,88,88,88,88,88,88,90,92,92,172,176,225,227,229,229,229,229,233,233,233,239,243,247,255,265,267,269,273,275,277,285,293,301,301,305,317,317,321,323,331,333,339,345,349,383,383,383,383,385,385,403,439,443,508,518,518,522,522,524,528,542,584,590,615,615,617,617,617,617,617,617,619,621,633,633,633,633,633,633,633,635,635,639,639,639,641,641,645,645,645,645,645,645,647,647,647,647,715,770,770,770,770,776,778,780,780,782,782,784,784,784,788,788,792,792,794,794,794,794,794,794,794,794,796,796,804,804,804,804,804,804,804,804,804,804,804,804,804,804,804,804,804,804,804,804,804,804,804,804,806,806,806,806,806,806,806,810,810,810,810,810,822,822,822,822,822,822,822,860,866,890,890,890,890,890,890,892,952,952,952,952,952,952,954,956,1024,1024,1026,1028,1028,1028,1030,1036,1038,1040,1040,1040,1062,1084,1118,1118,1120,1122,1122,1122
HIT ME HARD AND SOFT,Billie Eilish,0,0,0,0,0,0,0,0,0,0,0,0,0,0,0,0,0,0,0,0,0,0,0,0,0,0,0,0,0,0,0,0,0,0,0,0,0,0,0,0,0,0,0,0,0,0,0,0,0,0,0,0,0,0,0,0,0,0,0,0,0,0,0,0,0,0,0,0,0,0,0,0,0,0,0,0,0,0,0,0,0,0,0,0,0,0,0,0,0,0,0,0,0,0,0,0,0,0,0,0,0,0,0,0,0,0,0,0,0,0,0,0,30,202,346,530,666,788,885,953,1063,1183,1263,1342,1442,1548,1658,1745,1828,1938,2058,2135,2228,2319,2449,2531,2627,2734,2816,2915,3010,3101,3187,3255,3415,3490,3618,3733,3846,3906,3949,4061,4133,4211,4222,4272,4282,5466,6598,7571,8409,9141,9806,10682,11002,11644,12223,12691,13458,13927,14326,15195,15639,15986,16632,17062,17711,18290,18721,18865,19317,19802,20528,20895,21255,22060,22396,22530,22964,23336,23733,24184,24422,24752,25612,25846,26523,27225,27673,27917,28202,28411,28714,29217,29457,29911,30412,30617,30694,30812,31067,31196,31576,32251,32312,32876,33040,33427,33666
HOMECOMING,Beyoncé,0,0,0,0,0,0,0,0,0,0,0,0,0,0,0,0,0,0,0,0,0,0,0,0,0,0,0,0,0,0,0,0,0,0,0,0,0,0,0,0,0,0,0,0,0,0,0,0,0,0,0,0,0,0,0,0,0,0,0,0,0,0,0,0,0,0,0,0,0,0,0,0,0,0,0,0,0,0,0,0,0,0,0,0,0,0,0,0,0,0,0,0,2,2,2,2,2,2,76,76,76,76,76,76,76,76,76,76,76,76,76,76,76,76,76,76,76,76,76,76,76,76,98,98,98,98,100,100,100,100,100,100,100,100,100,100,100,100,100,180,180,180,196,196,196,349,459,493,549,669,673,707,717,937,997,999,1333,1337,1701,2499,2888,3050,3310,3435,3441,3489,3567,3575,3689,3721,3909,4023,4041,4043,4043,4043,4153,4191,4191,4191,4193,4333,4523,4539,4543,4631,4661,4663,4667,4667,4667,4815,4815,4817,4857,4897,4899,5031,5031,5053,5053,5125,5125,5141,5149,5149,5149,5149,5149,5163,5237,5239,5241,5241,5241,5241,5243,5243,5243
Hot Pink,Doja Cat,2,4,4,6,6,10,62,105,105,105,105,105,105,109,109,109,109,111,113,139,143,143,145,174,287,349,403,442,444,519,613,663,686,747,759,773,807,835,835,867,919,957,1037,1112,1176,1247,1365,1451,1675,1735,1811,1839,1884,1960,2008,2078,2120,2176,2234,2254,2262,2299,2307,2319,2325,2331,2421,2462,2470,2527,2541,2599,2620,2626,2626,2628,2634,2638,2648,2656,2664,2670,2680,2688,2688,2722,2750,2825,2825,2825,2825,2825,2829,2831,2831,2831,2833,2833,2837,2845,2847,2857,2859,2867,2981,3019,3040,3040,3052,3064,3068,3105,3109,3123,3133,3137,3137,3137,3143,3147,3151,3157,3165,3165,3175,3175,3175,3179,3185,3193,3201,3203,3207,3229,3233,3245,3249,3253,3253,3255,3255,3255,3255,3255,3263,3284,3312,3312,3320,3322,3328,3330,3338,3338,3340,3340,3340,3340,3340,3340,3340,3340,3340,3342,3342,3342,3342,3342,3344,3344,3344,3346,3346,3356,3372,3372,3388,3388,3388,3388,3392,3392,3394,3396,3396,3396,3400,3400,3402,3402,3404,3404,3418,3418,3418,3426,3428,3430,3436,3438,3440,3440,3444,3446,3448,3466,3466,3472,3472,3472,3472,3474,3478,3478,3488,3490,3494,3496,3496
how i'm feeling now,Charli XCX,0,0,0,0,0,0,0,0,0,0,0,0,0,0,0,0,0,0,0,0,0,0,0,0,0,8,10,10,10,10,14,14,14,18,18,18,18,20,20,20,20,20,20,20,20,20,20,20,20,20,20,20,20,20,20,20,20,20,20,20,20,26,26,26,26,26,26,26,26,26,26,26,26,26,26,26,26,26,26,26,26,26,26,26,26,26,26,26,26,26,26,26,26,26,26,26,30,30,30,30,30,30,30,30,30,30,30,144,343,490,560,572,586,590,602,614,614,632,683,778,843,941,996,1005,1005,1005,1005,1005,1007,1007,1007,1007,1007,1013,1013,1013,1013,1023,1047,1085,1111,1115,1115,1115,1117,1125,1125,1125,1125,1127,1129,1147,1159,1159,1169,1175,1179,1179,1179,1181,1181,1181,1181,1181,1203,1203,1203,1203,1203,1203,1207,1217,1219,1223,1225,1225,1225,1233,1378,1384,1390,1390,1390,1400,1402,1402,1402,1402,1402,1402,1402,1432,1452,1454,1454,1454,1933,2036,2052,2108,2134,2736,2784,2834,2834,2842,2872,2906,3039,3120,3158,3168,3168,3208,3208,3210,3236,3260,3364
Hurry Up Tomorrow,The Weeknd,0,0,0,0,0,0,0,0,0,0,0,0,0,0,0,0,0,0,0,0,0,0,0,0,0,0,0,0,0,0,0,0,0,0,0,0,0,0,0,0,0,0,0,0,0,0,0,0,0,0,0,0,0,0,0,0,0,0,0,0,0,0,0,0,0,0,0,0,0,0,0,0,0,0,0,0,0,0,0,0,0,0,0,0,0,0,0,0,0,0,0,0,0,0,0,0,0,0,0,0,0,0,0,0,0,0,0,0,0,0,0,0,0,0,0,0,0,0,0,0,0,0,0,0,0,0,0,0,0,0,0,0,0,0,0,0,0,0,0,0,0,0,0,0,0,0,0,0,0,0,0,0,0,0,0,0,0,0,0,0,0,0,0,0,0,0,0,0,0,0,0,0,0,0,0,0,0,0,0,0,0,0,0,0,0,0,0,0,0,0,0,0,0,0,40,40,40,40,40,40,40,40,40,40,40,40,46,254,484,561,578,816,839,860,864,1307,1309,1322,1326
i used to think i could fly,Tate McRae,0,0,0,0,0,0,0,0,0,0,0,0,0,0,0,0,0,0,0,0,0,0,0,0,0,0,0,0,0,0,0,0,0,0,0,0,0,0,0,0,0,0,0,0,0,0,0,0,0,0,0,0,0,0,0,0,0,0,0,0,0,0,0,0,2,2,2,2,2,2,2,2,2,2,2,2,2,2,2,2,2,2,2,2,2,2,2,2,2,2,2,2,2,2,2,2,2,2,2,2,2,2,2,2,2,2,2,2,2,2,2,2,2,2,2,2,2,2,2,2,2,2,2,2,2,2,2,2,2,2,2,2,2,2,2,2,2,2,2,2,2,2,2,2,2,2,2,2,2,2,2,2,2,2,2,2,2,2,2,2,2,2,2,2,2,2,2,2,2,2,2,2,2,2,130,152,152,154,412,555,679,708,758,762,768,839,843,872,927,931,941,967,1107,1126,1221,1251,1289,1307,1342,1346,1360,1362,1366,1370,1378,1394,1406,1428,1432,1444,1476,1488,1498,1500,1508,1518,1522,1528,1538
In The Meantime,Alessia Cara,0,0,0,0,0,0,0,0,0,0,0,0,0,0,0,0,4,4,4,4,4,4,4,4,4,4,4,4,4,4,4,6,6,6,6,6,6,8,8,10,10,10,10,10,12,12,110,170,284,381,432,631,650,808,844,896,902,916,926,993,993,1047,1047,1049,1049,1049,1059,1061,1067,1073,1075,1075,1079,1079,1081,1085,1085,1087,1087,1097,1097,1099,1109,1109,1109,1109,1111,1113,1113,1117,1119,1119,1119,1119,1119,1153,1213,1213,1223,1225,1225,1225,1237,1237,1241,1241,1249,1251,1253,1257,1257,1261,1261,1265,1265,1265,1265,1269,1271,1287,1295,1295,1297,1297,1297,1297,1297,1297,1297,1297,1297,1297,1297,1297,1297,1297,1297,1297,1297,1297,1297,1297,1297,1367,1369,1371,1375,1375,1435,1437,1441,1443,1443,1445,1445,1445,1445,1447,1449,1449,1449,1449,1449,1449,1451,1451,1451,1465,1465,1469,1471,1473,1475,1475,1481,1483,1485,1487,1487,1487,1489,1491,1493,1493,1493,1495,1497,1501,1501,1503,1503,1503,1507,1509,1515,1517,1529,1529,1531,1533,1535,1535,1541,1545,1549,1555,1557,1563,1563,1565,1585,1589,1597,1601,1601,1605,1605,1609,1611
JORDI,Maroon 5,4,8,10,36,77,116,118,118,167,186,231,288,288,352,413,432,472,474,482,578,582,604,612,632,660,670,685,741,824,880,906,936,936,936,948,954,958,964,971,975,981,987,1081,1093,1137,1141,1151,1159,1167,1228,1289,1349,1484,1664,1748,1802,1851,1889,1938,1993,2034,2092,2159,2238,2335,2433,2499,2605,2674,2750,2878,2964,3030,3082,3145,3263,3311,3426,3470,3504,3532,3585,3635,3685,3693,3697,3699,3701,3715,3721,3725,3733,3770,3776,3824,3889,3893,3951,3957,4006,4056,4058,4087,4121,4193,4270,4329,4369,4400,4402,4402,4406,4416,4416,4420,4422,4428,4430,4436,4444,4456,4472,4480,4482,4490,4490,4498,4504,4506,4522,4526,4530,4534,4540,4542,4544,4544,4601,4601,4601,4607,4611,4613,4619,4619,4621,4625,4667,4669,4675,4691,4691,4693,4695,4697,4701,4707,4707,4715,4719,4719,4719,4721,4721,4721,4723,4723,4731,4731,4733,4737,4741,4743,4743,4751,4753,4757,4759,4759,4771,4777,4777,4779,4783,4783,4795,4799,4820,4820,4861,4861,4863,4873,4877,4930,4932,4936,4940,4942,4950,4950,4954,4956,4962,4964,4972,5004,5078,5112,5185,5262,5331,5383,5387,5389,5393,5401,5425,5429
k bye for now,Ariana Grande,0,0,0,0,0,0,0,0,0,0,0,0,0,0,0,0,0,0,0,0,0,0,0,0,0,0,0,0,0,2,2,2,2,2,2,2,2,2,2,2,2,2,2,2,2,2,2,2,2,2,2,2,2,2,2,2,2,2,2,2,2,2,2,2,2,2,2,2,2,2,2,2,2,2,4,4,4,4,4,4,4,4,4,4,4,4,4,4,4,62,62,64,78,80,82,82,84,106,108,112,112,116,180,373,448,448,452,879,911,991,1150,1202,1204,1296,1368,1445,1483,1499,1561,1775,2298,2595,2660,2730,3095,3319,3366,3522,3861,3865,4096,4651,5023,5053,5149,5528,5702,5982,6062,7897,7993,7995,8071,8153,8604,8721,8834,9009,9772,9836,9914,10030,10030,10665,11579,11651,11703,12082,12208,12280,12506,13084,13166,13275,13275,13432,13432,13559,13669,13745,13835,13851,13905,13973,13973,14071,14123,14355,14365,14365,14449,14453,14453,14593,14593,14595,14603,14896,14964,15225,15640,15682,15682,15682,15726,17000,17013,17726,17790,17963,17963,18259,18259,18259,18259,18259,18456,18520,18520,19342,19394,19394,19396,19396,19400,19410,19410,19426,19428
KG0516,Karol G,8,8,66,118,131,213,273,331,381,440,471,537,537,559,623,656,749,811,849,934,977,1011,1013,1045,1049,1119,1205,1285,1351,1416,1473,1490,1502,1504,1506,1512,1534,1534,1575,1583,1585,1591,1705,1787,1849,1908,1972,2053,2140,2232,2292,2373,2455,2530,2568,2632,2687,2736,2738,2760,2760,2781,2781,2820,2890,2927,2950,2999,3005,3013,3015,3017,3029,3040,3042,3046,3048,3061,3071,3132,3170,3174,3220,3258,3262,3280,3280,3284,3292,3294,3352,3377,3402,3415,3415,3421,3429,3429,3433,3439,3454,3454,3454,3462,3464,3511,3543,3543,3545,3549,3551,3553,3561,3563,3567,3569,3569,3571,3573,3573,3579,3632,3634,3636,3638,3640,3642,3678,3678,3718,3724,3724,3724,3726,3728,3728,3730,3732,3732,3732,3738,3738,3738,3740,3740,3742,3748,3750,3754,3756,3756,3758,3762,3770,3770,3770,3772,3772,3774,3778,3778,3778,3778,3778,3780,3784,3784,3786,3790,3792,3792,3796,3802,3802,3806,3808,3810,3812,3812,3812,3814,3816,3822,3828,3828,3830,3834,3844,3844,3844,3848,3848,3848,3850,3856,3858,3858,3858,3858,3862,3864,3864,3864,3864,3864,3872,3876,3886,3888,3890,3898,3902,3902,3906,3910,3912,3912,3914,3932
Know-It-All,Alessia Cara,0,80,188,442,600,663,667,717,725,758,813,862,862,880,916,932,961,963,969,975,997,1005,1017,1025,1027,1033,1043,1049,1049,1057,1059,1061,1061,1061,1063,1067,1069,1075,1083,1087,1091,1093,1097,1099,1107,1113,1129,1135,1139,1153,1169,1173,1177,1400,1434,1451,1491,1569,1573,1613,1621,1689,1689,1701,1709,1709,1709,1723,1769,1777,1785,1785,1785,1833,1833,1833,1859,1891,1893,1895,1897,1899,1899,1899,1899,1899,2028,2080,2080,2080,2082,2082,2082,2090,2092,2104,2106,2106,2106,2126,2170,2170,2172,2174,2186,2186,2186,2190,2190,2192,2192,2198,2198,2198,2198,2198,2198,2198,2200,2200,2204,2204,2204,2204,2204,2204,2204,2204,2206,2206,2206,2206,2206,2210,2210,2210,2212,2212,2212,2212,2212,2212,2212,2214,2214,2216,2216,2216,2216,2216,2216,2226,2248,2248,2248,2248,2252,2252,2252,2252,2252,2252,2252,2252,2252,2252,2252,2252,2252,2252,2252,2252,2252,2252,2252,2252,2252,2252,2252,2252,2252,2252,2252,2252,2252,2252,2252,2252,2252,2254,2254,2254,2256,2258,2258,2260,2262,2266,2266,2268,2268,2268,2270,2270,2270,2270,2312,2312,2314,2314,2363,2363,2367,2371,2371,2371,2373,2373,2373
Legendary,Tyga,0,0,0,0,0,0,0,0,0,0,0,0,0,0,0,0,0,0,0,0,0,0,4,4,4,4,4,4,4,4,4,4,4,4,4,4,4,4,4,4,4,105,188,250,302,304,308,322,384,390,404,427,433,441,454,456,456,458,458,458,468,470,488,490,492,494,498,502,504,504,506,506,510,512,514,518,520,520,522,524,530,630,695,721,723,729,729,733,737,737,739,743,747,747,747,749,759,759,763,765,765,767,775,779,783,785,787,789,791,793,793,795,801,801,805,809,809,809,811,813,815,815,815,815,819,821,823,829,839,841,841,841,843,847,849,849,851,851,851,851,851,851,853,857,861,863,863,871,871,875,875,875,877,877,877,877,877,877,877,877,881,881,881,885,885,885,887,887,887,887,887,891,891,891,893,893,893,893,893,893,899,899,899,899,899,899,899,903,903,905,907,907,907,909,909,909,909,909,915,915,915,915,919,919,923,923,923,923,923,923,948,948,958,958,998,998,1000,1000,1000
Lemonade,Beyoncé,0,4,44,46,85,89,174,224,252,284,325,377,377,423,463,484,486,486,488,490,492,494,500,500,502,502,502,502,512,512,520,526,526,532,534,536,540,542,546,546,546,546,548,548,548,550,554,554,556,556,556,560,560,564,564,570,572,572,574,574,574,576,576,576,576,576,576,578,582,582,582,582,584,584,584,584,584,584,586,586,592,618,626,626,626,1051,1286,1432,1513,1616,2430,2544,2965,3039,3156,3162,3164,3164,3398,3440,3461,3605,3673,3683,3687,3701,3729,3731,3787,3847,3847,3911,3935,4033,4075,4077,4179,4339,4367,4391,4391,4419,4513,4795,4818,4868,4868,4920,4922,4922,4922,4922,5024,5060,5388,5444,5653,5687,5711,5785,5793,5847,5968,6349,6433,7073,7095,7144,7144,7218,7286,7394,7458,7566,7584,7588,7636,7636,7696,7696,7822,7822,8121,8281,8281,8315,8520,8546,8564,8616,8877,8979,8979,9005,9029,9167,9185,9233,9247,9247,9247,9247,9247,9287,9311,9350,9358,9368,9507,9507,9515,9555,9803,9866,9948,10293,10297,10351,10448,10450,10450,10450,10452,10456,10478,10911,10925,11081,11122,11154,11160,11166,11182,11278,11333,11346,11350,11394,11434
LM5,Little Mix,0,4,6,6,32,95,95,151,165,207,211,218,218,218,220,220,246,246,248,252,254,303,369,437,439,510,568,604,668,745,789,823,854,888,913,962,1008,1024,1028,1032,1036,1038,1046,1114,1165,1168,1172,1176,1194,1196,1198,1204,1206,1208,1210,1212,1212,1212,1214,1214,1214,1243,1243,1260,1260,1260,1260,1260,1266,1270,1272,1272,1272,1280,1312,1314,1314,1316,1322,1324,1324,1326,1328,1330,1334,1340,1340,1340,1340,1340,1340,1340,1342,1342,1342,1342,1344,1344,1344,1346,1346,1348,1350,1350,1352,1352,1352,1354,1356,1356,1358,1360,1360,1360,1360,1362,1362,1362,1364,1364,1366,1368,1370,1370,1374,1374,1376,1380,1380,1382,1386,1388,1388,1388,1388,1388,1388,1388,1388,1388,1388,1388,1388,1388,1388,1388,1388,1390,1390,1390,1392,1392,1394,1394,1394,1394,1394,1394,1394,1394,1394,1394,1394,1394,1394,1394,1394,1394,1394,1394,1394,1396,1396,1398,1398,1398,1398,1398,1398,1398,1398,1400,1400,1402,1402,1402,1402,1402,1402,1402,1404,1404,1404,1406,1408,1412,1412,1412,1414,1414,1416,1416,1416,1416,1418,1418,1420,1420,1420,1420,1422,1422,1422,1424,1424,1426,1428,1428,1428
Loud,Rihanna,0,0,0,0,0,0,48,48,52,102,143,188,190,244,309,380,402,404,404,430,436,450,454,460,464,466,470,480,484,494,502,515,517,523,533,537,537,537,537,537,539,541,543,543,551,553,559,565,565,577,579,609,613,619,631,661,667,675,689,693,695,699,699,701,703,703,707,711,711,715,717,719,719,876,1022,1107,1171,1235,1245,1263,1267,1293,1309,1311,1349,1358,1358,1374,1378,1462,1527,1587,1622,1662,1664,1703,1705,1707,1709,1723,1723,1725,1727,1735,1735,1737,1743,1743,1745,1749,1749,1753,1755,1765,1765,1765,1765,1765,1765,1765,1767,1773,1777,1779,1779,1781,1783,1789,1793,1797,1799,1805,1805,1807,1807,1807,1807,1819,1819,1819,1821,1823,1823,1825,1825,1825,1829,1829,1831,1831,1831,1831,1831,1831,1831,1831,1831,1831,1831,1835,1835,1835,1835,1837,1837,1837,1851,1855,1869,1871,1873,1877,1879,1943,2022,2028,2028,2030,2074,2074,2074,2076,2084,2086,2086,2086,2090,2094,2094,2125,2125,2125,2127,2127,2131,2137,2147,2153,2153,2157,2195,2477,2483,2485,2493,2499,2499,2503,2541,2555,2567,2573,2575,2577,2585,2589,2589,2601,2607
Love Goes,Sam Smith,0,0,0,0,0,0,0,0,0,0,0,0,0,0,0,14,18,20,20,22,75,87,145,151,153,183,189,195,195,240,240,246,248,252,258,272,272,300,304,314,318,354,370,370,370,380,386,390,396,396,402,416,424,424,428,683,783,918,979,989,997,1009,1011,1011,1021,1126,1692,2034,2239,2312,2332,2358,2362,2372,2378,2396,2408,2422,2464,2476,2567,2575,2628,2660,2660,2664,2664,2664,2736,2799,2956,3000,3054,3152,3228,3323,3383,3454,3468,3506,3512,3514,3528,3596,3720,3790,3802,3828,3878,3925,3929,4032,4054,4060,4092,4160,4219,4315,4407,4429,4534,4689,4770,4819,4867,4877,4926,4936,5015,5085,5093,5103,5103,5119,5127,5288,5288,5447,5753,5903,5989,6121,6147,6242,6266,6322,6368,6374,6380,6599,6778,6937,7235,7292,7348,7524,7570,7636,7664,7684,7834,7846,7848,7894,7936,7936,7936,7944,7990,8032,8084,8084,8096,8104,8171,8179,8183,8199,8241,8241,8285,8287,8303,8307,8317,8323,8329,8530,8582,8855,8938,8972,9101,9126,9281,9331,9395,9445,9472,9484,9580,9582,9688,9718,9732,9862,9961,10143,10282,10434,10533,10656,10711,10723,11049,11091,11095,11180,11222
Love Goes: Live At Abbey Road,Sam Smith,0,0,0,0,0,0,0,0,0,0,0,0,0,0,0,0,0,0,0,0,0,0,0,0,0,0,0,0,0,0,0,0,0,0,0,0,0,0,0,0,0,0,0,0,0,0,0,0,0,0,0,0,0,0,0,0,0,0,0,0,0,0,0,0,0,0,0,0,0,0,0,0,0,0,0,0,0,0,0,0,0,0,0,0,0,0,0,0,0,2,2,2,20,48,125,125,125,127,145,145,145,145,145,145,163,163,163,165,165,167,171,171,173,173,173,173,193,209,211,217,217,217,217,223,223,223,223,223,223,223,223,223,223,223,223,223,223,412,424,424,428,448,450,450,494,494,496,496,498,498,545,565,565,611,611,611,613,613,613,619,619,619,625,651,651,659,659,659,661,661,663,665,667,667,671,673,673,673,673,673,673,673,675,675,675,675,675,681,681,705,713,923,935,937,947,951,955,1011,1011,1017,1019,1039,1039,1043,1047,1149,1199,1215,1219,1229,1233,1237,1239,1239,1245,1249,1249,1253,1257
Manic,Halsey,0,0,0,0,0,0,0,0,0,0,0,0,0,0,0,0,0,0,0,0,0,0,72,141,149,166,168,172,180,188,188,196,208,210,251,253,259,267,269,273,273,275,279,281,358,362,391,395,432,434,434,442,444,446,452,456,458,458,460,460,462,464,464,464,466,466,466,466,472,476,488,488,488,488,488,492,492,494,494,494,504,669,765,819,852,852,852,852,858,858,858,858,860,864,866,868,878,880,880,882,886,886,888,890,892,892,900,900,904,904,904,906,906,906,906,906,906,906,906,906,906,906,906,906,910,910,910,910,910,910,910,910,910,910,910,910,910,910,910,912,912,912,912,912,914,920,920,920,920,920,924,926,926,926,926,926,930,930,930,930,932,932,932,932,932,932,932,932,932,951,951,955,955,955,955,955,955,963,963,963,965,967,969,969,971,971,973,979,979,981,981,981,985,995,1003,1009,1026,1026,1026,1028,1032,1032,1036,1042,1046,1052,1056,1064,1066,1068,1074,1076,1082,1082,1086,1090,1090,1094,1096
MONTERO,Lil Nas X,0,0,0,0,0,0,0,0,0,0,184,319,321,499,668,789,1118,1238,3314,3939,4623,4761,4912,4994,5012,5026,5036,5094,5116,5159,5191,5203,5203,5207,5227,5266,5294,5298,5304,5322,5353,5397,5419,5419,5443,5459,5481,5497,5507,5600,5614,5620,5630,5638,5640,5652,5664,5672,5688,5775,5781,5793,5793,5795,5805,5805,5805,5807,5839,5843,5855,5857,5857,5861,5863,5867,5871,5877,5877,5913,5913,5929,5931,5935,5939,5947,5947,5947,5947,5949,5953,5955,5991,5997,5999,6001,6015,6019,6021,6023,6023,6025,6035,6053,6053,6067,6069,6075,6081,6083,6083,6091,6091,6093,6097,6097,6097,6097,6099,6099,6101,6101,6115,6117,6119,6123,6125,6127,6141,6141,6141,6141,6141,6143,6145,6145,6145,6145,6145,6145,6145,6145,6145,6145,6151,6151,6151,6151,6153,6155,6155,6155,6157,6157,6169,6169,6171,6173,6173,6173,6173,6173,6173,6173,6175,6177,6177,6177,6177,6181,6187,6187,6187,6189,6189,6189,6189,6191,6191,6191,6191,6191,6191,6193,6193,6195,6199,6199,6201,6205,6205,6205,6205,6207,6207,6211,6213,6215,6221,6221,6221,6221,6225,6227,6227,6229,6229,6229,6229,6231,6233,6235,6235,6235,6303,6305,6305,6305,6307
My 21st Century Blues,RAYE,0,0,0,0,0,0,0,0,0,0,0,0,0,0,0,0,0,0,0,0,0,0,0,0,0,0,0,0,0,0,0,0,0,0,0,0,0,0,0,0,0,0,0,0,0,0,0,0,0,0,0,0,0,0,0,0,0,0,0,0,0,0,0,0,0,0,0,0,0,0,0,0,0,0,0,0,0,0,0,0,0,2,2,2,2,2,2,2,2,2,238,548,550,552,665,673,673,694,698,700,700,702,734,736,736,736,762,792,792,798,798,808,808,834,836,850,850,852,856,886,888,888,898,898,942,946,1006,1144,1268,1268,1272,1377,1477,1553,1646,1648,1648,1648,1650,1650,1652,1772,1821,1821,1857,1857,1857,1857,1859,1863,1915,2017,2017,2017,2017,2019,2025,2025,2025,2031,2087,2087,2121,2121,2121,2121,2121,2149,2149,2149,2149,2151,2171,2171,2171,2221,2231,2231,2259,2259,2259,2259,2259,2259,2259,2283,2289,2289,2289,2289,2347,2367,2371,2373,2379,2393,2395,2397,2397,2401,2401,2411,2411,2413,2443,2447,2453,2535,2539,2566,2574,2580,2580,2582,2584,2588,2588,2592,2596
My 21st Century Symphony,RAYE & The Heritage Orchestra,0,0,0,0,0,0,0,0,0,0,0,0,0,0,0,0,0,0,0,0,0,0,0,0,0,0,0,0,0,0,0,0,0,0,0,0,0,0,0,0,0,0,0,0,0,0,0,0,0,0,0,0,0,0,0,0,0,0,0,0,0,0,0,0,0,0,0,0,0,0,0,0,0,0,0,0,0,0,0,0,0,0,0,0,0,0,0,0,0,0,0,0,0,0,0,0,0,0,0,0,0,0,0,0,0,0,0,0,0,0,0,0,0,0,0,0,0,0,0,0,0,0,0,0,0,0,1024,1446,1563,1607,1645,1765,1841,1841,1943,2009,2109,2109,2109,2109,2143,2143,2290,2330,2330,2372,2372,2372,2372,2378,2450,2450,2450,2450,2450,2486,2504,2504,2504,2544,2544,2592,2592,2592,2594,2594,2594,2610,2652,2652,2652,2652,2652,2652,2652,2652,2652,2652,2652,2652,2652,2652,2652,2652,2652,2652,2652,2652,2652,2652,2726,2726,2726,2726,2726,2728,2728,2728,2728,2728,2728,2768,2768,2768,2768,2768,2768,2810,2810,2810,2810,2810,2810,2810,2810,2810,2810,2840,2840
My Everything,Ariana Grande,10,22,105,116,200,304,465,531,725,881,961,1025,1029,1292,1458,1612,1866,2198,2377,2585,2672,2751,2856,2996,3114,3213,3361,3422,3540,3662,3719,3909,4083,4596,4872,5105,5211,5398,5511,5827,5926,6025,6096,6299,6377,6566,6841,6990,7258,7498,7620,7652,7817,7886,7948,8078,8249,8322,8414,8514,8627,8705,8774,8881,8989,9236,9318,9349,9373,9477,9628,9724,9862,10226,10926,11139,11235,11361,11412,11539,11657,11785,11904,12167,12446,12611,12814,12943,13029,13142,13142,13610,13919,14065,14165,14225,14241,14245,14255,14318,14320,14416,14487,14497,14515,14551,14557,14575,14634,14646,14656,14802,14922,14930,14940,15002,15006,15208,15214,15401,15415,15521,15537,15599,15753,15864,15947,16078,16409,16515,16607,16673,16768,16974,17033,17190,17247,17666,17710,17728,18020,18112,18174,18212,18622,18671,18723,18807,18837,18841,18845,18929,18931,18965,18989,18991,18997,18997,19005,19011,19128,19172,19291,19307,19309,19339,19349,19353,19415,19641,19679,19719,19723,19727,19803,19809,19845,20027,20077,20243,20243,20267,20279,20344,20367,20429,20445,20610,20738,20748,20840,20844,20894,21393,21478,21488,21490,21510,21518,21544,21556,21558,21582,21632,21642,21656,21681,21691,21699,21723,21727,21727,21738,22092,22098,22108,22112,22120,22126
No Time to Die,Hans Zimmer & Billie Eilish,0,0,0,0,0,0,0,0,0,0,0,0,0,0,0,0,0,0,0,0,0,0,0,0,0,0,0,0,0,0,0,0,0,0,0,0,0,0,0,0,0,0,0,0,0,0,0,0,0,0,0,0,0,0,0,0,0,0,0,0,0,2,2,2,2,2,2,2,2,2,2,2,4,4,4,4,4,4,4,4,4,4,4,4,4,4,4,4,4,4,4,4,4,4,4,4,14,14,47,47,47,47,113,137,177,177,177,181,181,181,181,183,187,233,277,328,385,387,399,432,436,436,442,477,477,507,531,533,543,551,559,561,563,575,583,587,597,603,652,658,725,771,799,816,827,829,839,886,892,921,923,972,980,1022,1026,1036,1040,1086,1105,1107,1113,1115,1117,1189,1223,1249,1286,1315,1317,1327,1339,1345,1385,1391,1391,1401,1405,1441,1468,1476,1480,1486,1546,1552,1558,1598,1604,1612,1665,1669,1669,1711,1721,1805,1805,1809,1811,1815,1827,1827,1827,1829,1833,1843,1845,1908,1912,1912,1916,1916,1924,1926,1926,1936,1936,1936,1936,1940,1940
Nu King,Jason Derulo,4,10,29,35,137,215,217,217,237,244,248,252,252,290,296,317,407,465,494,593,651,698,752,806,852,871,927,989,1049,1105,1171,1183,1193,1217,1225,1269,1278,1422,1473,1538,1583,1630,1704,1708,1710,1714,1749,1803,1805,1815,1864,1868,1874,1886,1892,1896,1902,1908,1920,1939,1990,2015,2017,2027,2041,2041,2041,2063,2069,2073,2077,2077,2079,2081,2087,2119,2123,2133,2137,2145,2149,2149,2155,2159,2159,2165,2165,2165,2171,2171,2173,2175,2175,2183,2183,2183,2187,2191,2193,2193,2197,2199,2282,2289,2291,2291,2295,2297,2303,2305,2305,2309,2311,2311,2311,2315,2317,2317,2319,2319,2321,2323,2323,2323,2325,2327,2327,2327,2329,2354,2358,2360,2360,2362,2362,2362,2366,2366,2366,2366,2368,2368,2368,2372,2372,2372,2372,2372,2376,2376,2378,2378,2380,2380,2380,2380,2380,2380,2380,2380,2380,2380,2380,2382,2386,2386,2386,2386,2386,2386,2386,2388,2388,2388,2388,2388,2388,2390,2390,2390,2392,2392,2392,2392,2394,2394,2398,2400,2400,2400,2408,2408,2414,2420,2424,2424,2424,2424,2424,2424,2424,2426,2428,2428,2434,2436,2438,2438,2438,2438,2442,2442,2442,2442,2446,2448,2450,2450,2456
Number 1 Angel,Charli XCX,0,0,0,0,0,0,0,0,0,0,0,0,0,0,0,0,0,0,0,0,0,0,0,0,0,4,4,4,4,4,4,4,4,4,4,4,4,4,4,4,4,4,4,4,4,4,4,4,4,4,4,4,4,4,4,4,4,4,4,4,4,4,4,4,4,4,4,4,4,4,4,4,4,4,4,4,4,4,4,4,4,4,4,4,4,4,4,4,4,4,4,4,4,4,4,4,4,4,4,4,4,4,4,4,4,4,4,4,6,94,334,580,659,663,681,681,701,705,733,743,743,751,751,751,753,753,753,753,753,755,755,755,755,763,763,763,763,763,765,765,767,767,767,767,767,767,769,769,769,769,769,769,773,773,777,781,783,783,783,785,785,785,785,789,793,793,793,793,793,793,797,799,799,799,799,799,799,801,801,805,809,813,813,823,823,823,823,823,823,827,827,831,831,831,831,831,865,873,971,1078,1096,1106,1108,1126,1130,1130,1138,1166,1172,1297,1305,1307,1349,1361,1369,1369,1377,1412,1414
Pink Friday,Nicki Minaj,8,14,16,18,18,22,24,24,36,41,43,68,72,98,151,227,281,315,317,319,323,329,337,347,357,400,410,418,422,428,432,438,442,442,446,450,471,471,475,479,485,489,495,497,509,511,519,531,543,545,545,545,549,555,557,557,559,561,567,567,569,579,581,581,581,581,581,585,589,591,595,595,595,595,595,599,601,601,603,607,607,609,615,615,615,615,615,617,617,617,631,631,631,633,633,633,633,633,633,637,637,639,639,641,641,641,641,643,645,649,777,804,827,827,829,835,835,843,845,847,851,855,855,855,861,861,861,865,867,869,871,873,873,873,875,875,877,877,879,879,879,879,879,879,879,879,879,915,915,915,915,915,917,919,919,919,919,919,919,919,919,919,919,919,921,923,925,925,925,931,931,935,935,935,935,935,937,947,947,947,947,947,947,947,947,947,961,963,963,969,971,971,971,971,973,977,979,979,981,981,983,989,989,999,1005,1025,1027,1029,1031,1033,1039,1045,1065,1067,1069,1075,1077,1079,1083
Pink Friday ... Roman Reloaded,Nicki Minaj,18,42,205,350,400,427,468,555,651,657,657,657,659,665,675,730,738,744,744,748,762,768,848,866,880,904,1260,1360,1517,1587,1631,1685,1732,1796,1804,1848,1984,2053,2133,2152,2199,2244,2256,2292,2312,2324,2381,2403,2473,2492,2692,2745,2791,2821,2915,2936,2950,3029,3065,3077,3089,3115,3119,3129,3133,3135,3151,3161,3183,3191,3211,3213,3257,3331,3335,3351,3357,3363,3377,3419,3435,3445,3511,3533,3556,3568,3576,3588,3602,3602,3618,3624,3628,3638,3640,3648,3674,3674,3674,3688,3694,3694,3696,3702,3706,3708,3718,3728,3740,3740,3744,3762,3764,3766,3770,3776,3778,3786,3796,3802,3812,3818,3820,3820,3852,3862,3866,3878,3884,3902,3916,3938,3940,3944,3946,3946,3954,3954,3954,3954,3954,3954,3954,3954,3956,3956,3956,3956,3960,3960,3962,3962,3964,3964,3964,3966,3966,3966,3966,3966,3968,3968,3968,3974,3978,3978,3978,3978,3978,3978,3978,3990,3990,4004,4004,4014,4016,4044,4044,4044,4052,4052,4052,4054,4056,4058,4092,4094,4094,4096,4110,4110,4110,4118,4126,4126,4128,4130,4140,4140,4152,4154,4160,4170,4180,4182,4184,4184,4184,4184,4186,4188,4283,4373,4375,4381,4383,4383,4383
Pink Friday 2,Nicki Minaj,0,0,0,0,0,0,0,0,0,0,0,0,0,0,0,0,0,0,0,0,0,0,0,0,0,0,0,0,0,0,0,0,0,0,0,0,0,0,0,0,0,0,0,0,0,0,0,0,0,0,0,0,0,0,0,0,0,0,0,0,0,0,0,0,0,113,189,268,327,331,333,335,337,337,341,343,343,343,343,349,351,355,357,359,359,359,359,359,359,359,361,365,365,365,406,408,410,410,412,414,414,418,418,418,422,422,422,422,424,428,430,434,436,436,436,440,442,442,446,446,475,481,485,485,487,493,497,499,507,515,519,525,525,525,873,940,1008,1016,1016,1022,1030,1032,1051,1053,1053,1053,1063,1065,1073,1079,1079,1079,1093,1093,1095,1103,1105,1105,1107,1109,1109,1113,1113,1113,1117,1121,1121,1121,1121,1121,1121,1125,1127,1127,1127,1127,1127,1127,1127,1127,1127,1127,1127,1127,1127,1127,1139,1139,1139,1139,1141,1141,1145,1149,1151,1151,1155,1157,1159,1159,1163,1165,1167,1167,1169,1171,1171,1173,1173,1173,1173,1173,1173,1173,1173,1173,1173,1175,1175
Planet Her,Doja Cat,2,2,2,2,2,2,4,4,4,4,55,125,125,163,213,213,288,364,389,453,467,519,541,601,611,623,625,637,641,685,695,707,707,709,735,872,932,972,986,1013,1037,1201,1284,1352,1378,1407,1482,1571,1642,1664,1726,1774,1827,1902,2034,2115,2205,2271,2346,2398,2448,2491,2607,2782,2922,3054,3206,3338,3447,3540,3592,3637,3647,3691,3747,3817,3839,3847,3853,3859,3861,3873,3979,3995,4047,4073,4077,4113,4241,4319,4366,4434,4472,4536,4565,4638,4646,4660,4662,4668,4676,4716,4734,4772,4782,4821,4841,4845,4863,4867,4867,4871,4917,4976,5047,5085,5107,5107,5111,5119,5131,5155,5170,5174,5180,5182,5184,5192,5196,5234,5238,5242,5242,5250,5262,5264,5266,5270,5272,5274,5276,5280,5282,5284,5350,5350,5360,5366,5366,5370,5380,5390,5390,5394,5396,5396,5400,5408,5412,5416,5442,5442,5442,5442,5442,5452,5452,5460,5460,5468,5482,5482,5486,5498,5514,5538,5584,5586,5586,5590,5590,5592,5600,5600,5602,5608,5682,5692,5692,5698,5698,5698,5698,5730,5748,5752,5758,5758,5802,5808,5814,5814,5822,5828,5846,5856,5866,5882,5892,5896,5912,5924,5932,5940,5946,5948,5952,5958,5972
Plastic Hearts,Miley Cyrus,0,0,0,2,2,6,6,6,6,6,6,8,8,8,8,8,8,10,10,10,10,10,10,12,12,12,12,12,12,12,12,12,12,12,12,12,12,12,12,12,12,12,12,14,14,14,14,14,14,66,68,72,74,82,155,159,161,227,258,304,350,395,401,401,445,476,521,541,556,584,592,609,619,627,629,633,639,643,643,643,683,708,752,752,754,760,760,789,799,803,805,811,815,822,822,851,867,867,869,871,875,875,877,895,897,899,901,903,903,905,907,909,909,909,913,915,915,919,919,919,921,925,929,929,929,933,939,939,941,941,947,949,949,949,951,951,951,955,959,961,965,965,969,971,979,979,985,987,989,991,991,997,1007,1031,1041,1045,1047,1055,1057,1063,1065,1065,1067,1067,1067,1069,1071,1071,1071,1073,1073,1097,1099,1099,1099,1099,1101,1101,1103,1103,1105,1113,1115,1119,1119,1121,1123,1123,1123,1125,1125,1125,1127,1131,1137,1137,1137,1137,1137,1137,1137,1137,1139,1139,1143,1143,1143,1143,1143,1143,1143,1145,1512,1578,1623,1625,1627,1633,1639
Pop 2,Charli XCX,0,0,0,0,0,0,0,0,0,0,0,0,0,0,0,0,0,0,0,0,0,0,0,0,0,8,8,8,8,8,14,18,18,18,18,18,22,26,30,32,36,36,36,36,40,40,44,46,46,46,46,46,46,46,91,99,99,105,107,107,107,115,117,117,117,117,117,119,133,200,238,309,315,321,321,321,349,374,374,677,974,1105,1183,1228,1351,1434,1452,1574,1645,1659,1669,1671,1677,1679,1681,1683,1707,1707,1707,1715,1806,1816,1822,1824,1824,1826,1866,1866,1866,1904,1918,1930,1942,1986,1996,2018,2044,2056,2104,2164,2266,2407,2455,2459,2459,2501,2501,2541,2545,2549,2549,2561,2571,2583,2583,2583,2583,2583,2625,2625,2659,2669,2669,2669,2669,2681,2725,2725,2725,2725,2731,2733,2741,2741,2745,2747,2779,2819,2841,2843,2865,2865,2885,2885,2895,2895,2895,2899,2915,2915,2921,2929,2931,2933,2935,2935,2935,2943,3021,3055,3057,3059,3059,3087,3087,3087,3089,3089,3089,3153,3153,3206,3208,3208,3208,3208,3228,3344,3410,3448,3462,3484,3484,3667,3671,3671,3695,3701,3711,3739,3809,3819,3821,3882,3882,3884,3904,3906,3950
Positions,Ariana Grande,10,26,52,182,270,489,651,822,1016,1144,1226,1381,1387,1620,1689,1689,1816,2546,2755,3469,4293,4994,5442,5787,6622,7049,7206,7832,8220,8590,8867,9516,10378,10579,10808,11008,11135,11258,11532,11842,12703,13761,14491,14888,15137,15976,16109,16297,16600,16737,16802,17059,17185,17344,17463,17895,18201,18301,18348,18362,18390,18711,18901,19147,19383,19470,19524,19789,20042,20246,20569,20631,20671,20711,20947,21072,21340,21350,21638,21831,21918,21983,22030,22276,22341,22432,22464,22525,22645,22744,22798,22888,23096,23234,23254,23448,23672,23851,24279,24926,25230,25568,25890,26150,26319,26804,26908,27369,27777,28188,29005,29914,30060,30232,30414,30593,30869,31402,31510,31890,31969,32249,32723,32902,33286,33643,33775,34038,34339,34559,34689,34939,35326,36375,37392,38518,39289,39702,40400,40513,40649,41055,41926,42129,42360,43521,44108,44715,44865,45042,45774,46801,47188,47319,47717,47922,48693,49444,49996,50526,51120,51168,51769,52417,52631,52734,53075,53411,53987,54275,54451,55575,55951,56402,56739,57606,57887,58156,58158,58200,58711,59756,59859,60186,60207,60577,60696,61058,61175,61250,61380,61382,61569,61716,61868,61914,62324,62368,62468,62974,63236,63276,63351,63463,63803,63944,64257,64431,64520,65191,65424,65679,65703,65951,66252,66290,66298,66336,66864
Quantum Baby,Tinashe,0,0,0,0,0,0,0,0,0,0,0,0,0,0,0,0,0,0,0,0,0,0,0,0,0,0,0,0,0,0,0,0,0,0,0,0,0,0,0,0,0,0,0,0,0,0,0,0,0,0,0,0,0,0,0,0,0,0,0,0,0,0,0,0,0,0,0,0,0,0,0,0,0,0,0,0,0,0,0,0,0,0,0,0,0,0,0,0,0,0,0,0,0,0,0,0,0,0,0,0,0,0,0,0,0,0,0,0,0,0,0,0,0,0,0,0,0,0,0,0,0,0,0,0,0,0,0,0,0,0,0,0,0,0,0,0,0,0,0,0,0,0,0,0,0,0,0,0,0,0,0,0,2,2,2,61,88,92,92,98,98,98,100,104,104,104,104,104,106,106,872,882,954,954,1014,1060,1060,1060,1060,1060,1078,1176,1190,1310,1454,1456,1456,1458,1460,1460,1462,1462,1464,1466,1494,1496,1496,1496,1496,1496,1500,1504,1506,1508,1590,1592,1592,1594,1669,1669,1669,1669,1669,1669,1671,1673,1675,1675,1675
Queen,Nicki Minaj,8,24,45,104,202,274,376,386,402,511,627,681,687,744,801,836,865,871,881,908,916,930,967,1015,1055,1082,1161,1208,1253,1346,1486,1630,1651,1720,1811,1895,2005,2093,2261,2547,2736,2857,2987,3163,3213,3316,3412,3521,3684,3907,3994,4331,4535,4608,4696,4783,4844,4938,4950,5008,5028,5211,5296,5384,5471,5554,5633,5739,5822,5898,6018,6118,6175,6215,6298,6434,6556,6610,6704,6726,6811,6862,6910,6940,6958,7018,7044,7077,7109,7152,7170,7176,7184,7204,7210,7276,7338,7376,7392,7492,7494,7506,7518,7567,7577,7635,7666,7672,7706,7732,7744,7762,7764,7918,7948,8017,8073,8093,8111,8127,8175,8193,8203,8257,8307,8337,8368,8441,8445,8545,8602,8634,8634,8648,8704,8744,8766,8770,8796,8800,8804,8806,8806,8808,8858,8868,8880,8890,8922,8924,8959,8961,8965,8973,8973,8985,8987,8987,8993,8999,8999,8999,8999,9013,9025,9047,9083,9087,9093,9099,9103,9141,9143,9153,9191,9197,9197,9201,9201,9205,9263,9277,9281,9295,9305,9309,9341,9393,9397,9397,9429,9429,9433,9443,9455,9459,9469,9479,9487,9561,9625,9700,9744,9758,9778,9816,9830,9842,9864,9882,9928,9932,9940,9978,9980,10016,10020,10022,10032
Radical Optimism,Dua Lipa,0,0,0,0,0,0,0,0,0,0,0,0,0,0,0,0,0,0,0,0,0,0,0,0,0,0,0,0,0,0,0,0,0,0,0,0,0,0,0,0,0,0,0,0,0,0,0,0,0,0,0,0,0,0,0,0,0,0,0,0,0,0,0,0,0,0,0,0,0,0,0,0,0,0,0,0,0,0,0,0,0,0,0,0,0,0,0,0,0,0,0,0,0,0,0,0,0,0,0,0,0,0,0,0,0,0,0,0,0,0,0,0,0,0,0,0,0,0,0,0,0,0,0,0,0,0,0,0,0,0,97,113,113,115,115,115,115,115,115,115,123,188,196,291,476,567,579,579,593,627,639,654,822,926,996,2036,2324,2347,2351,2351,2351,2351,2351,2357,2359,2371,2375,2375,2375,2375,2375,2375,2377,2377,2377,2377,2377,2377,2381,2381,2381,2381,2381,2540,2540,2540,2618,2618,2652,2660,2660,2676,2676,2688,2692,2696,2702,2702,2702,2702,2752,2752,2756,2756,2764,2772,2780,2780,2838,2838,2838,2838,2838,2838,2838,2850,2852,2852,2852
Red Pill Blues,Maroon 5,0,0,0,0,0,0,0,0,0,0,6,32,32,32,79,95,95,151,163,167,175,183,342,394,426,430,432,442,499,622,712,728,730,763,1051,1181,1283,1473,1494,1542,1572,1593,1649,1657,1669,1685,1697,1744,1756,1815,1853,1879,1885,2177,2297,2471,2489,2527,2594,2663,2823,2877,2905,2911,2915,2917,2951,2983,3001,3029,3047,3077,3107,3135,3169,3177,3189,3233,3328,3336,3340,3340,3388,3400,3400,3410,3416,3418,3422,3444,3444,3450,3452,3458,3458,3464,3470,3528,3528,3532,3550,3554,3558,3568,3572,3580,3596,3598,3600,3612,3612,3614,3634,3638,3640,3644,3648,3650,3652,3660,3670,3692,3700,3704,3706,3708,3710,3710,3710,3731,3735,3741,3741,3745,3745,3747,3749,3753,3753,3755,3755,3757,3757,3775,3775,3775,3775,3775,3783,3789,3791,3791,3853,3853,3857,3857,3857,3857,3857,3857,3857,3857,3857,3857,3857,3857,3857,3857,3857,3857,3893,3893,3893,3893,3895,3895,3895,3895,3895,3895,3895,3895,3895,3921,3925,3925,3925,3925,3925,3929,3929,3929,3929,3939,3939,3943,3949,3949,3949,3949,3951,3959,3963,3969,3969,3973,3975,3977,4032,4034,4034,4034,4034,4034,4034,4042,4046,4056,4060
RENAISSANCE,Beyoncé,0,0,0,0,0,0,0,0,0,0,0,0,0,0,0,0,0,0,0,0,0,0,0,0,0,0,0,0,0,0,0,0,0,0,0,0,0,0,0,0,0,0,0,0,0,0,0,0,0,0,0,0,0,0,0,0,0,4,4,4,4,4,4,6,10,10,10,16,16,16,16,16,16,16,16,16,46,46,46,46,46,46,46,46,46,48,48,48,48,48,74,146,156,285,367,452,506,517,521,547,587,587,591,630,634,692,745,761,761,789,791,793,801,803,803,803,831,847,849,853,920,955,1100,1126,1136,1352,1430,1608,1618,1691,1743,1797,1819,1879,1883,2001,2073,2117,2139,2265,2371,2391,2407,2421,2423,2525,2559,2559,2567,2581,2597,2617,2899,3034,3075,3093,3165,3165,3223,3223,3249,3604,3638,3638,3638,3638,3742,3780,3780,3784,3798,3802,3846,3958,4006,4016,4135,4153,4215,4300,4340,4356,4581,4663,4817,4944,4954,5135,5141,5151,5189,5221,5233,5259,5267,5363,5367,5393,5395,5407,5407,5407,5529,5606,5672,5690,5784,5846,5889,5929,6046,6099,6162,6164,6178,6454,6456,6458,6464
Romance,Camila Cabello,2,6,21,49,106,150,196,225,229,258,260,262,262,266,270,270,276,278,278,280,280,280,288,306,310,312,314,316,318,320,326,334,353,355,365,369,369,371,371,371,371,373,373,377,385,456,522,578,619,635,637,643,659,665,667,671,673,687,687,713,717,775,775,775,841,847,853,875,893,893,899,901,903,903,903,911,913,915,915,917,919,923,935,935,935,935,935,935,935,935,935,941,945,945,945,947,947,947,947,947,947,949,951,953,953,955,955,959,961,961,961,963,963,963,963,965,967,967,981,983,987,987,989,989,989,989,989,993,995,1005,1005,1011,1011,1011,1011,1011,1015,1035,1035,1037,1041,1041,1041,1043,1043,1043,1043,1043,1043,1043,1045,1063,1063,1063,1063,1081,1081,1081,1095,1095,1107,1107,1107,1109,1109,1111,1131,1131,1131,1131,1133,1133,1133,1133,1135,1135,1143,1143,1145,1145,1147,1147,1147,1147,1147,1147,1147,1147,1147,1147,1147,1147,1147,1147,1147,1147,1147,1149,1151,1171,1171,1175,1181,1181,1185,1185,1185,1187,1187,1193,1193,1193,1193,1197,1197,1199,1201,1203,1205
Smile,Katy Perry,0,0,0,0,0,0,0,0,0,0,0,0,0,0,0,2,2,2,2,2,2,2,4,8,10,12,12,12,18,22,22,24,24,30,73,94,94,112,118,120,126,146,152,186,243,259,301,323,368,372,376,384,388,394,394,400,400,410,458,458,458,470,474,474,474,529,533,578,655,723,803,831,839,845,849,853,855,861,861,861,863,871,873,875,881,887,893,893,895,899,901,905,905,905,905,911,919,933,933,937,937,937,941,949,951,951,957,957,959,961,961,963,967,967,973,973,981,981,983,983,985,991,993,995,997,997,999,1005,1011,1021,1027,1029,1029,1031,1033,1043,1045,1047,1051,1053,1057,1057,1059,1061,1061,1061,1067,1067,1071,1073,1079,1081,1083,1083,1089,1093,1097,1101,1101,1103,1103,1103,1103,1103,1103,1103,1107,1111,1111,1111,1115,1115,1117,1119,1123,1123,1125,1127,1127,1127,1127,1129,1131,1131,1135,1139,1139,1151,1153,1153,1153,1155,1155,1157,1161,1167,1171,1173,1173,1179,1179,1181,1183,1187,1187,1191,1193,1197,1197,1209,1215,1217,1225,1231,1233,1235,1239,1245,1253
So Close To What,Tate McRae,0,0,0,0,0,0,0,0,0,0,0,0,0,0,0,0,0,0,0,0,0,0,0,0,0,0,0,0,0,0,0,0,0,0,0,0,0,0,0,0,0,0,0,0,0,0,0,0,0,0,0,0,0,0,0,0,0,0,0,0,0,0,0,0,0,0,0,0,0,0,0,0,0,0,0,0,0,0,0,0,0,0,0,0,0,0,0,0,0,0,0,0,0,0,0,0,0,0,0,0,0,0,0,0,0,0,0,0,0,0,0,0,0,0,0,0,0,0,0,0,0,0,0,0,0,0,0,0,0,0,0,0,0,0,0,0,0,0,0,0,0,0,0,0,0,0,0,0,0,0,0,0,0,0,0,0,0,0,0,0,0,0,0,0,0,0,0,0,0,0,0,0,0,0,178,265,322,328,406,424,428,440,444,452,452,452,460,464,464,464,468,468,484,492,564,600,628,1529,2618,2663,2667,2787,2791,2955,2967,2977,3011,3013,3015,3032,3135,3145,3239,3239,3253,3253,3255,3265,3265
Songs For You,Tinashe,0,0,0,0,0,0,0,0,0,0,0,0,0,0,0,0,0,0,0,0,0,0,0,0,0,0,0,0,0,0,0,0,0,0,0,0,0,0,0,0,0,0,0,0,0,0,0,0,0,0,0,0,0,0,0,0,0,0,0,0,0,0,0,0,0,0,0,0,0,0,0,0,0,0,0,0,0,0,0,0,0,0,0,0,0,0,0,0,0,0,0,0,0,0,134,210,267,329,333,384,429,486,488,563,565,565,571,571,571,577,577,577,581,587,589,687,826,951,1037,1039,1101,1126,1134,1140,1146,1152,1158,1166,1166,1202,1202,1210,1212,1230,1238,1238,1238,1242,1252,1333,1570,1867,1897,1943,1943,1975,2178,2184,2188,2250,2340,2379,2503,2511,2515,2521,2525,2525,2527,2545,2545,2545,2623,2629,2629,2631,2633,2639,2641,2651,2685,2687,2699,2699,2713,2719,2723,2727,2727,2727,2727,2733,2737,2805,2821,2825,2835,2853,2855,2859,2861,2861,2867,2871,2943,2955,2961,2961,2961,3044,3044,3048,3048,3050,3066,3094,3104,3157,3165,3179,3226,3501,3549,3596,3604,3698,3700,3716,3778
SOS,SZA,0,0,0,0,0,0,0,0,0,0,0,0,0,0,0,0,0,0,0,0,0,0,0,0,0,0,0,0,0,0,0,0,0,0,0,0,0,0,0,0,0,0,0,0,0,0,0,0,0,0,0,0,0,0,0,0,0,0,0,0,0,0,0,0,0,0,0,0,0,0,0,0,0,0,0,0,2,4,4,4,4,4,442,523,628,638,648,669,753,814,861,932,959,961,1005,1113,1172,1230,1236,1315,1367,2564,3161,3308,4358,4519,4625,4792,4906,5190,5411,5538,5592,6147,6562,6706,6796,6870,7032,7042,7052,7074,7243,7249,7370,7380,7678,7736,7738,7978,8184,8276,8557,8822,9046,9096,9150,9220,9222,9222,9246,9308,9356,9962,9994,10036,10185,10263,10405,10411,10463,10519,10569,10577,10733,10743,10952,11082,11226,11232,11234,11518,11518,11518,11518,11518,11518,11877,11877,11877,11877,11881,11887,11887,12054,12058,12058,12096,12096,12096,12120,12124,12138,12140,12140,12148,12290,12430,12532,12598,12616,12676,12992,13028,13180,13240,13246,13320,13374,13492,13500,13574,13576,13582,13656,13678,13781,13808,13820,13834,13854,14456,14456,14462,14476,14478,14522,14554,14574
Stay +,Zedd,0,8,23,32,73,82,125,125,129,135,135,137,139,143,145,202,210,225,231,235,239,247,251,253,253,255,313,315,315,321,325,335,337,440,509,571,636,684,717,766,770,786,792,815,835,859,942,1020,1164,1306,1460,1531,1630,1740,1800,1905,2051,2179,2295,2411,2525,2569,2586,2702,2737,2820,2882,2931,2957,2967,3030,3157,3247,3349,3466,3591,3697,3904,4032,4156,4304,4453,4517,4604,4706,4767,4964,5100,5172,5269,5381,5459,5609,5677,5720,5731,5741,5741,5741,5798,5840,5896,5929,5935,5941,5943,5947,5949,5960,5966,5966,6023,6162,6164,6168,6172,6172,6217,6223,6279,6279,6293,6295,6323,6389,6458,6533,6594,6694,6765,6841,6891,6962,7073,7128,7209,7262,7339,7357,7363,7426,7519,7525,7531,7609,7620,7640,7698,7712,7744,7748,7756,7774,7776,7778,7780,7788,7792,7800,7800,7853,7861,7877,7879,7883,7896,7902,7906,7910,7982,7988,7994,8008,8010,8020,8020,8026,8065,8081,8116,8120,8126,8134,8167,8186,8208,8214,8269,8334,8338,8390,8392,8402,8530,8607,8617,8721,8735,8739,8745,8749,8749,8763,8771,8779,8791,8814,8814,8822,8830,8840,8840,8849,8945,8947,8949,8951,8953,8959
Sweet Talker,Jessie J,4,6,8,8,12,60,120,147,200,202,236,236,236,254,296,359,503,636,702,811,850,897,938,986,1049,1115,1180,1229,1294,1337,1347,1405,1468,1509,1544,1548,1548,1552,1556,1582,1584,1593,1597,1659,1661,1705,1761,1791,1814,1818,1820,1820,1826,1826,1826,1828,1836,1836,1838,1838,1840,1846,1846,1850,1854,1892,1892,1896,1900,1904,1912,1916,1928,1946,2049,2100,2128,2130,2138,2144,2148,2162,2168,2201,2207,2211,2217,2221,2223,2227,2227,2248,2262,2262,2262,2266,2270,2270,2272,2295,2295,2297,2303,2307,2311,2313,2313,2313,2317,2319,2321,2325,2329,2329,2329,2333,2333,2366,2366,2376,2378,2384,2386,2388,2428,2430,2432,2436,2446,2446,2448,2448,2448,2454,2454,2458,2458,2470,2472,2474,2484,2484,2486,2488,2498,2502,2504,2504,2504,2504,2504,2508,2508,2510,2510,2510,2510,2510,2510,2510,2514,2516,2522,2522,2522,2522,2522,2522,2526,2534,2536,2538,2538,2538,2542,2542,2544,2550,2552,2558,2558,2558,2558,2558,2558,2560,2560,2560,2564,2566,2568,2568,2570,2585,2585,2587,2587,2587,2587,2587,2587,2587,2587,2589,2591,2591,2591,2591,2591,2591,2591,2591,2593,2605,2605,2609,2609,2609,2609
Sweetener,Ariana Grande,4,20,69,73,115,187,264,411,554,834,1009,1155,1181,1364,1390,1460,1758,2014,2665,3243,3367,3619,3635,3728,3769,3979,4074,4202,4377,4562,4637,4847,5067,5167,5395,5528,5597,5685,5776,5880,5967,6015,6140,6245,6253,6370,6463,6620,6857,7018,7269,7346,7482,7594,7647,7709,7810,7875,7926,7964,8025,8125,8236,8268,8288,8290,8413,8516,8583,8633,8719,8733,8893,8919,9009,9051,9152,9160,9168,9190,9222,9234,9270,9318,9326,9354,9411,9448,9456,9565,9573,9631,9637,9641,9681,9854,9913,10129,10223,10307,10390,10461,10525,10804,10844,11027,11134,11150,11361,11453,11526,11580,11602,11702,11843,11861,12058,12397,12524,12564,12700,12855,12896,12913,13121,13275,13289,13358,13366,13473,13485,13576,13647,13724,13811,13827,13827,13835,13877,13921,13936,13938,13964,13970,14004,14016,14071,14103,14158,14164,14242,14267,14269,14372,14382,14402,14404,14438,14444,14452,14452,14454,14454,14469,14546,14628,14669,14770,14818,14908,14985,15057,15069,15169,15234,15281,15285,15370,15370,15370,15489,15517,15563,15662,15693,15771,15874,16065,16153,16155,16233,16233,16312,16369,16485,17053,17837,17847,17885,18062,18242,18308,18354,18364,18380,18404,18547,19302,19432,19518,19726,19976,20093,20546,21021,21303,21345,21414,21498
Tell Me You Love Me,Demi Lovato,0,10,10,56,73,143,150,193,207,212,212,216,216,218,279,279,279,283,283,369,378,430,436,438,440,446,516,518,532,577,579,600,600,602,606,610,610,641,645,645,651,655,657,683,685,689,695,703,709,709,709,717,717,721,723,737,737,739,745,745,758,762,762,764,770,820,822,822,828,830,832,832,834,836,838,842,842,842,846,846,848,850,925,938,961,961,961,961,961,961,982,988,988,988,992,992,992,994,994,994,994,994,994,994,1002,1002,1010,1012,1012,1014,1014,1018,1018,1024,1026,1026,1026,1028,1028,1032,1032,1032,1032,1032,1032,1034,1034,1034,1034,1034,1038,1038,1038,1038,1038,1040,1040,1040,1040,1040,1040,1040,1040,1042,1044,1044,1044,1048,1048,1048,1054,1054,1054,1054,1054,1054,1054,1056,1056,1056,1056,1056,1056,1074,1074,1074,1074,1076,1076,1082,1088,1088,1088,1088,1088,1088,1088,1088,1088,1088,1088,1088,1088,1088,1088,1088,1092,1092,1092,1092,1092,1094,1094,1094,1094,1094,1094,1096,1096,1098,1098,1102,1102,1102,1104,1104,1104,1104,1104,1104,1104,1104,1106,1106,1106,1108,1112,1112,1112
"thank u, next",Ariana Grande,26,44,146,207,335,396,592,645,1272,1379,1738,1949,1951,2155,2273,2358,2461,2493,2628,2646,2761,3010,3395,3707,3947,4282,4362,4506,4867,5107,5259,5587,5700,5766,6078,6257,6326,6391,6589,6675,6740,6874,6997,7152,7279,7474,7548,7657,7806,7921,8084,8349,8556,8751,8836,8934,9000,9134,9319,9519,9800,9988,10279,10464,10594,10735,11041,11409,11631,11685,11841,11963,12068,12214,12384,12432,12504,12690,13466,13879,14039,14308,14685,15074,15205,15282,15300,15322,15370,15539,15587,15621,15651,15756,15761,15846,15943,15950,16230,16508,16624,16646,16784,16840,16864,16872,16975,16983,17274,17357,17434,17524,17585,17637,17728,17791,17839,17981,18024,18436,18549,18612,18703,19005,19444,19659,19906,20327,20714,20898,21111,21347,21488,22090,22211,22335,22699,23338,23457,23483,23924,24121,24223,24393,24441,24730,24964,25054,25874,26181,26374,26624,26793,27009,27015,27555,27797,27847,27994,28002,28010,28531,29084,29157,29371,30048,30095,30185,30368,30743,30880,30892,31030,31046,31054,31204,31420,32098,32827,33381,34275,34365,34404,34703,34944,35033,35243,35775,36056,36251,36504,36658,36698,36812,36898,36960,36962,36962,37572,37961,38366,38464,38680,38690,38810,38856,38913,38927,38943,38951,38961,38965,38967,39099,39148,39431,39439,39872,40045
The Pains Of Growing,Alessia Cara,0,52,67,139,201,273,364,374,384,415,415,419,421,421,425,433,433,441,443,445,449,459,467,473,473,475,475,477,477,487,489,491,491,495,499,526,528,536,540,546,550,554,556,558,576,582,598,610,616,692,779,886,957,1044,1092,1127,1247,1342,1386,1498,1553,1605,1607,1678,1696,1727,1936,1989,1999,2062,2072,2201,2289,2357,2375,2451,2567,2684,2785,2922,3008,3120,3174,3207,3261,3265,3413,3547,3601,3644,3758,3767,3837,3839,3841,3857,3867,3873,3873,3926,3970,3972,3978,3990,3996,4002,4084,4086,4118,4205,4222,4222,4340,4344,4348,4348,4420,4428,4428,4432,4442,4470,4480,4484,4492,4547,4559,4625,4639,4659,4667,4677,4677,4697,4789,4793,4801,4805,4956,4962,4986,5081,5089,5091,5106,5106,5112,5112,5120,5182,5190,5200,5218,5218,5218,5224,5232,5236,5276,5280,5282,5282,5282,5282,5286,5286,5292,5304,5304,5308,5308,5308,5324,5324,5334,5340,5348,5356,5358,5382,5386,5390,5402,5402,5402,5404,5442,5450,5452,5456,5458,5458,5470,5470,5474,5484,5598,5608,5608,5612,5614,5618,5624,5624,5632,5654,5664,5676,5680,5692,6155,6182,6201,6211,6211,6217,6217,6223,6273
The Pinkprint,Nicki Minaj,12,18,113,173,223,310,411,411,456,456,462,462,472,476,495,495,578,584,616,632,657,700,748,800,940,1248,1480,1831,1976,2080,2458,2583,2651,2818,2935,3170,3339,3470,3540,3819,3941,4160,4305,4494,4590,4695,4835,4952,5066,5165,5288,5500,5690,5799,5892,5912,5957,5989,6007,6134,6243,6265,6310,6331,6339,6347,6353,6389,6416,6426,6470,6480,6490,6582,6731,6964,7004,7157,7270,7306,7328,7348,7372,7431,7471,7503,7550,7628,7648,7650,7656,7672,7708,7724,7728,7744,7774,7785,7797,7807,7819,7867,7887,7905,7920,7958,7974,8040,8102,8129,8135,8149,8212,8222,8236,8292,8407,8473,8536,8558,8578,8616,8628,8632,8652,8666,8678,8698,8702,8742,8774,8794,8794,8804,8818,8846,8860,8868,8876,8876,8882,8898,8900,8920,8932,8932,8938,8952,8964,8972,8988,8996,8998,9000,9004,9018,9022,9022,9024,9030,9044,9044,9046,9056,9060,9060,9062,9064,9064,9070,9072,9084,9114,9122,9130,9142,9210,9254,9256,9256,9270,9306,9312,9314,9374,9378,9406,9440,9440,9446,9456,9458,9462,9468,9478,9486,9500,9506,9512,9518,9542,9546,9588,9594,9614,9628,9640,9654,9692,9706,9720,9732,9750,9780,9790,9798,9844,9850,9870
THINK LATER,Tate McRae,0,0,0,0,0,0,0,0,0,0,0,0,0,0,0,0,0,0,0,0,0,0,0,0,0,0,0,0,0,0,0,0,0,0,0,0,0,0,0,0,0,0,0,0,0,0,0,0,0,0,0,0,0,0,0,0,0,0,0,0,0,0,0,0,0,0,0,0,0,0,0,0,0,0,0,0,0,0,0,0,0,0,0,0,0,0,0,0,0,0,0,0,0,0,0,0,0,0,0,0,0,0,0,0,0,0,0,0,0,0,0,0,0,0,0,0,0,0,0,0,0,0,0,4,150,241,334,395,431,454,462,503,595,646,786,796,796,796,796,796,800,800,814,828,840,844,856,856,860,868,870,878,1009,1077,1105,1105,1197,1197,1205,1293,1293,1297,1297,1297,1340,1350,1350,1406,1516,2377,3317,3748,4174,4895,5475,6298,6307,6313,6476,6596,6612,6810,6818,6822,6840,6840,7652,7674,7769,8029,8029,8190,8290,8328,8344,8380,8408,8472,8474,8474,8474,8526,8580,8582,8584,8584,8588,8590,8590,8592,8600,8600,8604,8760,8882,8882,8882,8888,8890
Thriller,Michael Jackson,0,0,0,0,0,0,0,0,0,0,0,0,0,0,0,0,0,0,0,0,0,0,0,0,0,0,0,0,0,0,4,4,4,4,6,6,6,6,6,6,6,6,38,40,196,290,436,471,491,493,519,531,555,565,582,606,617,641,647,649,692,698,700,702,708,714,722,728,740,748,754,756,756,758,758,764,932,940,948,950,968,970,982,984,984,986,986,986,986,986,986,988,988,992,992,998,998,998,998,1000,1000,1000,1000,1002,1002,1002,1002,1004,1006,1006,1006,1012,1012,1012,1012,1012,1014,1024,1026,1026,1028,1048,1048,1048,1072,1072,1072,1072,1096,1096,1096,1096,1096,1096,1096,1096,1096,1096,1096,1108,1108,1178,1178,1178,1182,1182,1230,1230,1230,1230,1230,1268,1268,1268,1318,1322,1322,1322,1322,1322,1324,1324,1324,1324,1324,1324,1328,1328,1328,1328,1328,1328,1328,1328,1328,1328,1332,1332,1332,1334,1334,1376,1376,1376,1376,1376,1376,1376,1376,1376,1376,1376,1378,1378,1378,1380,1380,1380,1380,1380,1380,1380,1384,1384,1386,1386,1390,1390,1390,1390,1390,1394,1482,1482,1482,1482,1484,1486,1486
Twelve Carat Toothache,Post Malone,0,0,0,0,0,0,0,0,0,0,0,0,0,0,0,0,0,0,0,0,0,0,0,0,0,0,0,0,0,0,0,0,0,0,0,0,0,0,0,0,0,0,0,0,0,0,0,0,0,0,0,0,0,0,0,279,384,543,637,726,816,873,906,941,947,1002,1040,1114,1118,1122,1128,1140,1142,1142,1142,1184,1186,1204,1214,1218,1218,1224,1224,1228,1228,1228,1228,1234,1234,1234,1265,1267,1269,1269,1275,1277,1285,1287,1291,1291,1334,1342,1344,1344,1346,1346,1350,1354,1354,1354,1356,1356,1362,1362,1366,1366,1368,1370,1370,1370,1370,1370,1370,1370,1370,1374,1374,1374,1374,1374,1382,1382,1382,1382,1382,1382,1382,1382,1386,1388,1388,1388,1388,1388,1388,1390,1390,1390,1390,1392,1394,1396,1396,1402,1402,1404,1408,1408,1408,1408,1408,1410,1410,1420,1420,1420,1422,1422,1424,1424,1424,1424,1424,1432,1434,1434,1434,1434,1434,1434,1434,1434,1434,1434,1434,1434,1434,1434,1434,1434,1434,1438,1438,1474,1535,1539,1539,1539,1539,1545,1549,1549,1557,1561,1563,1563,1571,1573,1573,1581,1583,1583,1587,1589,1591,1591,1591,1593,1593
Unorthodox Jukebox,Bruno Mars,2,6,6,11,13,17,35,35,37,39,39,43,43,47,64,64,145,223,292,314,316,318,324,326,326,332,340,340,377,389,395,405,405,407,407,433,510,551,587,654,672,690,692,700,706,710,716,728,732,732,734,738,756,766,768,780,782,802,804,808,808,818,818,818,844,846,860,864,866,866,872,876,876,876,876,878,878,880,882,882,882,882,882,882,882,882,928,928,928,928,928,928,928,964,964,964,964,964,964,964,964,964,964,964,964,964,964,964,964,964,964,964,964,964,964,964,964,964,964,964,964,964,964,964,964,964,964,964,964,964,964,964,964,964,964,964,964,964,964,964,964,964,964,964,964,964,964,964,964,966,966,966,966,966,968,968,968,968,968,968,968,968,968,968,968,968,968,968,968,968,968,968,968,968,968,968,968,968,968,968,968,968,968,968,968,968,992,992,992,992,994,994,998,998,998,998,998,998,998,998,998,998,998,998,1000,1000,1002,1002,1002,1004,1008,1008,1008,1016,1016,1016,1016,1016,1018
V,Maroon 5,0,0,0,0,0,0,0,0,0,0,2,6,6,30,32,50,124,144,196,198,267,314,361,365,365,367,373,399,441,508,568,592,592,598,641,649,679,685,691,716,783,823,829,835,843,851,855,881,883,928,928,930,944,954,969,973,985,997,999,1001,1054,1066,1066,1120,1120,1213,1288,1348,1406,1414,1416,1424,1424,1424,1424,1424,1434,1434,1482,1482,1484,1486,1486,1490,1490,1490,1490,1492,1492,1492,1492,1492,1498,1498,1498,1498,1500,1500,1502,1502,1504,1506,1506,1506,1508,1508,1508,1508,1508,1508,1510,1514,1516,1516,1516,1518,1518,1522,1524,1530,1530,1532,1532,1532,1532,1532,1532,1532,1532,1532,1532,1532,1532,1532,1532,1532,1532,1532,1532,1532,1532,1532,1540,1540,1542,1546,1546,1546,1546,1546,1546,1548,1548,1548,1548,1548,1550,1550,1556,1556,1556,1556,1556,1556,1556,1556,1556,1556,1556,1556,1558,1558,1558,1558,1558,1558,1558,1558,1558,1558,1558,1562,1562,1568,1568,1568,1568,1568,1568,1570,1570,1570,1570,1570,1570,1570,1570,1570,1570,1570,1570,1570,1572,1572,1574,1574,1576,1580,1580,1580,1580,1580,1586,1594,1598,1598,1598,1598,1604
Voicenotes,Charlie Puth,0,26,28,40,42,52,56,80,84,86,88,90,90,90,136,136,136,138,138,330,543,753,927,1042,1309,1403,1632,1713,1882,1958,2002,2014,2014,2016,2020,2030,2036,2178,2233,2255,2308,2314,2332,2334,2485,2537,2562,2710,2726,2864,2866,2870,2976,3025,3089,3113,3113,3115,3121,3123,3189,3469,3469,3523,3549,3553,3577,3581,3595,3636,3640,3648,3648,3676,3712,3840,3860,3953,3971,4015,4033,4059,4059,4063,4107,4109,4113,4113,4191,4223,4332,4352,4410,4459,4486,4488,4498,4498,4502,4502,4502,4502,4504,4504,4583,4583,4595,4614,4632,4636,4638,4706,4720,4722,4722,4730,4730,4734,4754,4772,4772,4774,4804,4804,4804,4804,4804,4806,4810,4820,4820,4828,4828,4828,4828,4832,4834,4834,4840,4840,4846,4846,4882,4918,4920,4922,4922,4922,4932,4934,4938,4940,4940,4940,4952,4952,4952,4952,4954,4954,4954,4954,4984,4984,4984,4988,4988,4988,4988,4988,4990,4990,4990,4992,4994,4996,4996,4996,4996,5000,5008,5008,5008,5010,5010,5010,5014,5014,5014,5014,5014,5016,5018,5018,5020,5024,5024,5024,5062,5062,5064,5064,5068,5076,5076,5080,5082,5084,5090,5094,5096,5096,5100,5106,5108,5108,5108,5108,5118
"WHEN WE ALL FALL ASLEEP, WHERE DO WE GO?",Billie Eilish,0,0,0,0,0,0,0,0,0,0,0,0,0,0,0,0,0,0,0,0,0,0,2,36,42,48,52,86,86,86,88,90,90,92,94,96,100,108,112,114,126,128,142,191,195,201,205,237,241,241,243,245,249,251,257,295,301,317,323,323,335,374,374,416,424,579,585,599,609,621,643,801,1045,1336,1370,1411,1433,1453,1547,1547,1635,1651,1657,1663,1834,1874,1888,1922,1990,2090,2120,2156,2238,2299,2311,2325,2405,2425,2540,2548,2552,2554,2636,3157,3181,3308,3316,3322,3368,3390,3408,3488,3522,3840,4063,4340,4589,4736,4884,5047,5134,5178,5317,5613,5669,5954,6085,6101,6179,6488,6937,7118,7318,7494,7616,7658,7847,7889,8088,8136,8565,8920,9299,9672,9971,9987,10588,10770,10818,11112,11264,11638,11766,11979,12051,12143,12550,12885,13037,13068,13086,13094,13096,13513,13722,13784,13994,14670,14686,14735,15058,15130,15986,16210,16322,16788,17380,17710,17895,18129,18724,18933,19365,19663,19915,20095,20145,20241,20758,20950,21415,22703,23621,24505,24791,24872,25034,25382,25734,25776,25918,25938,26357,26395,27227,27574,27734,27789,27829,27845,27953,28109,28167,28329,28391,28549,28998,29201,29509
Wicked: The Soundtrack,"Ariana Grande, Cynthia Erivo & Wicked Movie Cast",0,0,0,0,0,0,0,0,0,0,0,0,0,0,0,0,0,0,0,0,0,0,0,0,0,0,0,0,0,0,0,0,0,0,0,0,0,0,0,0,0,0,0,0,0,0,0,0,0,0,0,0,0,0,0,0,0,0,0,0,0,0,0,0,0,0,0,0,0,0,0,0,0,0,0,0,0,0,0,0,0,0,0,0,0,0,0,0,0,0,0,0,0,0,0,0,0,0,0,0,0,0,0,0,0,0,0,0,0,0,0,0,0,0,0,0,0,0,0,0,0,0,0,0,0,0,0,0,0,0,0,0,0,0,0,0,0,0,0,0,0,0,0,0,0,0,0,0,0,0,0,0,0,0,0,0,0,0,0,0,0,0,0,0,0,0,0,0,0,0,0,0,0,0,0,0,0,0,0,0,0,0,0,0,402,597,719,822,881,887,936,936,956,1004,1006,1032,1044,1082,1181,1181,1181,1185,1191,1191,1191,1241,1241,1241,1241,1265,1265,1267,1506,1550,1558,1566,1568,1568,1568
Witness,Katy Perry,0,0,0,56,60,133,172,233,257,273,288,290,290,290,294,298,370,417,462,466,468,543,573,575,614,673,729,805,845,898,946,955,961,1007,1014,1081,1181,1244,1281,1326,1345,1396,1428,1500,1504,1587,1653,1759,1787,1861,2025,2156,2231,2337,2366,2408,2447,2512,2546,2606,2647,2731,2731,2835,2839,2906,2924,2973,3074,3144,3154,3174,3178,3198,3198,3206,3235,3270,3345,3355,3361,3435,3445,3507,3511,3541,3543,3547,3549,3602,3602,3602,3604,3606,3608,3612,3618,3622,3624,3649,3655,3655,3665,3667,3677,3687,3693,3693,3705,3713,3713,3717,3725,3725,3733,3733,3737,3737,3745,3747,3753,3763,3763,3765,3765,3767,3769,3785,3803,3820,3840,3846,3846,3854,3854,3856,3858,3858,3862,3874,3876,3876,3884,3888,3888,3904,3906,3906,3908,3912,3922,3924,3932,3932,3936,3936,3938,3938,4041,4045,4045,4045,4045,4047,4051,4051,4057,4059,4059,4061,4061,4063,4063,4067,4075,4079,4081,4083,4083,4085,4085,4089,4093,4093,4093,4095,4099,4105,4105,4107,4109,4111,4113,4121,4127,4133,4135,4135,4137,4139,4143,4143,4145,4149,4167,4171,4175,4183,4187,4195,4195,4197,4197,4201,4207,4207,4209,4209,4209
X,Chris Brown,0,0,0,0,0,4,4,63,87,87,87,87,87,87,91,97,156,253,303,388,397,438,440,444,483,493,540,579,630,657,720,722,722,726,730,734,756,758,785,812,812,818,822,824,828,833,868,888,890,892,975,975,981,985,987,991,991,995,995,999,1003,1003,1003,1009,1009,1009,1009,1011,1015,1015,1015,1015,1017,1019,1035,1035,1051,1055,1063,1065,1071,1075,1079,1083,1083,1083,1083,1083,1114,1116,1118,1118,1118,1122,1122,1122,1126,1126,1126,1126,1128,1128,1130,1132,1132,1132,1136,1136,1138,1138,1138,1144,1148,1150,1154,1154,1154,1154,1154,1154,1154,1160,1160,1160,1162,1162,1166,1166,1166,1168,1170,1170,1170,1172,1176,1176,1180,1180,1180,1184,1184,1184,1190,1190,1192,1192,1192,1192,1198,1200,1200,1206,1206,1206,1206,1206,1206,1206,1206,1206,1208,1208,1208,1212,1214,1214,1214,1216,1216,1216,1216,1218,1218,1218,1218,1218,1218,1218,1218,1218,1218,1220,1220,1224,1224,1252,1254,1260,1260,1262,1264,1268,1272,1276,1276,1276,1278,1280,1284,1284,1296,1298,1298,1298,1300,1300,1300,1300,1300,1300,1302,1302,1304,1304,1304,1304,1306,1306,1306
Yours Truly,Ariana Grande,0,2,2,7,13,23,25,25,135,281,281,314,314,392,420,420,482,498,500,504,522,565,591,603,609,615,623,629,641,645,655,705,707,714,720,726,730,734,771,788,788,794,802,816,828,862,868,926,930,934,936,940,973,977,983,987,995,999,1055,1118,1126,1140,1142,1146,1158,1162,1166,1198,1200,1242,1250,1250,1288,1288,1294,1296,1336,1336,1354,1356,1356,1356,1360,1366,1420,1529,1652,1656,1678,1682,1682,1686,1710,1710,1712,1718,1722,1722,1724,1744,1744,1744,1746,1746,1746,1746,1746,1750,1752,1754,1760,1762,1764,1764,1764,1764,1764,1780,1790,1832,1834,1834,1838,1852,1866,1866,1874,1892,1896,1896,1900,1900,1900,1900,1900,1900,1900,1900,1900,1906,1906,1906,1906,1930,1932,1932,1934,1936,1936,1936,1938,1940,1958,1958,1960,1960,1960,1960,1962,1962,1962,1976,1976,1976,1976,1978,1978,1978,1978,1978,1978,1978,1978,1978,1980,1980,1980,1980,1980,1980,1980,1980,2048,2050,2050,2050,2050,2050,2050,2050,2050,2050,2050,2052,2052,2052,2052,2052,2052,2062,2064,2064,2064,2064,2066,2066,2066,2068,2068,2068,2068,2068,2074,2074,2076,2076,2076,2076,2076
